CLIP,PREVIOUS CLIP,FIPS CODE,APN (PARCEL NUMBER UNFORMATTED),APN SEQUENCE NUMBER,COMPOSITE PROPERTY LINKAGE KEY,ORIGINAL APN,TAX ACCOUNT NUMBER,ONLINE FORMATTED PARCEL ID,ALTERNATE PARCEL ID,PREVIOUS PARCEL NUMBER,PREVIOUS PARCEL SEQUENCE NUMBER,PREVIOUS PARCEL NUMBER FORMATTED,CENSUS ID,RANGE,TOWNSHIP,SECTION,QUARTER SECTION,MUNICIPALITY NAME,MUNICIPALITY CODE,JURISDICTION COUNTY CODE,TOWN CODE,TAX RATE AREA CODE,TAX DISTRICT COUNTY,MUNICIPALITY TAX DISTRICT,SCHOOL DISTRICT,FIRE DISTRICT,WATER DISTRICT,ELEMENTARY SCHOOL DISTRICT COUNTY DESCRIPTION,HIGH SCHOOL DISTRICT COUNTY DESCRIPTION,NEIGHBORHOOD DESCRIPTION,SITUS CORE BASED STATISTICAL AREA (CBSA),CBSA TYPE,LAND USE CODE,COUNTY USE DESCRIPTION,STATE USE DESCRIPTION,MOBILE HOME INDICATOR,ZONING CODE,ZONING CODE DESCRIPTION,PROPERTY INDICATOR CODE,NUMBER OF BUILDINGS,VIEW CODE,LOCATION INFLUENCE CODE,FORECLOSURE STAGE CODE,LAST FORECLOSURE TRANSACTION DATE,BLOCK LEVEL LATITUDE,BLOCK LEVEL LONGITUDE,PARCEL LEVEL LATITUDE,PARCEL LEVEL LONGITUDE,SITUS HOUSE NUMBER,SITUS HOUSE NUMBER SUFFIX,SITUS HOUSE NUMBER 2,SITUS DIRECTION,SITUS STREET NAME,SITUS MODE,SITUS QUADRANT,SITUS UNIT NUMBER,SITUS CITY,SITUS STATE,SITUS ZIP CODE,SITUS COUNTY,SITUS CARRIER ROUTE,SITUS STREET ADDRESS,SITUS CITY STATE ZIP SOURCE,SITUS DELIVERY POINT VALIDATION CODE,SITUS DELIVERY POINT VALIDATION VACANT INDICATOR,LEGAL BLOCK NUMBER,LEGAL BLOCK NUMBER SUFFIX,LEGAL LOT NUMBER,LEGAL LOT NUMBER SUFFIX,SUBDIVISION TRACT NUMBER,SUBDIVISION PLAT BOOK,SUBDIVISION PLAT PAGE,SUBDIVISION NAME,LEGAL DESCRIPTION,OWNER 1 FULL NAME,OWNER 1 LAST NAME,OWNER 1 FIRST NAME & MIDDLE INITIAL,OWNER 2 FULL NAME,OWNER 2 LAST NAME,OWNER 2 FIRST NAME & MIDDLE INITIAL,OWNER 1 CORPORATE INDICATOR,OWNER 2 CORPORATE INDICATOR,OWNER 3 FULL NAME,OWNER 3 LAST NAME,OWNER 3 FIRST NAME & MIDDLE INITIAL,OWNER 3 CORPORATE INDICATOR,OWNER 4 FULL NAME,OWNER 4 LAST NAME,OWNER 4 FIRST NAME & MIDDLE INITIAL,OWNER 4 CORPORATE INDICATOR,OWNER ETAL CODE,OWNER OWNERSHIP RIGHTS CODE,OWNER RELATIONSHIP TYPE CODE,OWNER OCCUPANCY CODE,MAILING HOUSE NUMBER,MAILING HOUSE NUMBER SUFFIX,MAILING HOUSE NUMBER 2,MAILING DIRECTION,MAILING STREET NAME,MAILING MODE,MAILING QUADRANT,MAILING UNIT NUMBER,MAILING CITY,MAILING STATE,MAILING ZIP CODE,MAILING CARRIER ROUTE,MAILING STREET ADDRESS,OWNER CARE OF NAME,MAILING OPT OUT INDICATOR,MAILING DELIVERY POINT VALIDATION CODE,MAILING DELIVERY POINT VALIDATION VACANT INDICATOR,TOTAL VALUE CALCULATED,LAND VALUE CALCULATED,IMPROVEMENT VALUE CALCULATED,CALCULATED VALUE SOURCE CODE,ASSESSED TOTAL VALUE,ASSESSED LAND VALUE,ASSESSED IMPROVEMENT VALUE,MARKET TOTAL VALUE,MARKET LAND VALUE,MARKET IMPROVEMENT VALUE,APPRAISED TOTAL VALUE,APPRAISED LAND VALUE,APPRAISED IMPROVEMENT VALUE,TAX AMOUNT,TAX YEAR,ASSESSED YEAR,TAX AREA CODE,TAX TOTAL RATE PERCENT,TAXABLE IMPROVEMENT VALUE,TAXABLE LAND VALUE,TAXABLE OTHER VALUE,NET TAXABLE AMOUNT,HOMESTEAD EXEMPT INDICATOR,SENIOR EXEMPT INDICATOR,DISABLED EXEMPT INDICATOR,VETERAN EXEMPT INDICATOR,WIDOW EXEMPT INDICATOR,EXEMPT VALUE AMOUNT,TAX EXEMPT AMOUNT TOTAL,FRONT FOOTAGE,DEPTH FOOTAGE,ACRES,LAND SQUARE FOOTAGE,EASEMENT TYPE CODE,YEAR BUILT,EFFECTIVE YEAR BUILT,BEDROOMS - ALL BUILDINGS,TOTAL ROOMS - ALL BUILDINGS,TOTAL BATHROOMS - ALL BUILDINGS,NUMBER OF BATHROOMS,FULL BATHS - ALL BUILDINGS,HALF BATHS - ALL BUILDINGS,1QTR BATHS - ALL BUILDINGS,3QTR BATHS - ALL BUILDINGS,NUMBER OF BATH FIXTURES,TOTAL NUMBER OF BATH FIXTURES - ALL BUILDINGS,AIR CONDITIONING CODE,BASEMENT FINISH CODE,BASEMENT TYPE CODE,BUILDING CODE,BUILDING IMPROVEMENT CODE,BUILDING IMPROVEMENT CONDITION CODE,CONSTRUCTION TYPE CODE,EXTERIOR WALL CODE,FIREPLACE INDICATOR,NUMBER OF FIREPLACES,FIREPLACE TYPE CODE,FOUNDATION TYPE CODE,FLOOR TYPE CODE,FRAME CODE,GARAGE CODE,HEATING TYPE CODE,NUMBER OF PARKING SPACES,PARKING TYPE CODE,POOL INDICATOR,POOL CODE,BUILDING QUALITY CODE,ROOF COVER CODE,ROOF TYPE CODE,STORIES CODE,STORIES NUMBER,BUILDING STYLE CODE,NUMBER OF UNITS,UNIVERSAL BUILDING SQUARE FEET,UNIVERSAL BUILDING SQUARE FEET SOURCE CODE,BUILDING SQUARE FEET,LIVING SQUARE FEET - ALL BUILDINGS,GROUND FLOOR SQUARE FEET,BUILDING GROSS SQUARE FEET,ADJUSTED GROSS SQUARE FEET,BASEMENT SQUARE FEET,GARAGE OR PARKING SQUARE FEET,SECOND FLOOR SQUARE FEET,FINISHED BASEMENT SQUARE FEET,UNFINISHED BASEMENT SQUARE FEET,FUEL CODE,ELECTRICITY/WIRING CODE,SEWER CODE,UTILITIES CODE,WATER CODE,LAST ASSESSOR UPDATE DATE,TAXROLL CERTIFICATION DATE,TAXROLL EDITION NUMBER,BEGINNING TAX YEAR DATE,ENDING TAX YEAR DATE,TOTAL SQUARE FOOTAGE OPEN AREAS,TOTAL SQUARE FOOTAGE ALL BUILDINGS,TOTAL SQUARE FOOTAGE OFFICE SPACE,TOTAL NUMBER OF ELEVATORS,TOTAL NUMBER OF LOADING DOCKS,TOTAL NUMBER OF RAIL SPURS,TOTAL NUMBER OF TRUCK DOORS,TOTAL NUMBER OF 1 BEDROOMS,TOTAL NUMBER OF 2 BEDROOMS,TOTAL NUMBER OF 3 BEDROOMS,TOTAL NUMBER OF EFFICIENCY UNITS,RECORD ACTION INDICATOR
3739874376,,40143,98213821335525,1,4014398213821335525                               001,98213821335525,98213821335525,98213-82-13-35525,R98213821335525,,,,0067052059,12E,18N,13,NW,JENKS,,TULSA,,T-5A,JENKS,,,,,,,7251,46140,,200,HWY 75 S. CORRIDOR,,,AG,AGRICULTURAL DISTRICT,20,,,,,,,,36.046084,-95.993587,,,,,,,,,,OK,,TULSA,,,,,,,,,,,,,,W50 N292 NW SEC 13 18 13 .335AC,CITY OF TULSA,,,,,,Y,,,,,,,,,,,,,,175,,,E,2ND,ST,,260,TULSA,OK,741033204,C006,175 E 2ND ST #260,,,Y,0,100,100,,M,,,,100,100,,,,,,,2020,T-5A,,,,,,,,,,,,,,,0.3352,14600,,,,,,,,,,,,,,,,,,,,,,,,,,,,,,,,,,,,,,,,,,,,,,,,,,,,,,,,,,2021-03-09,2020-07-01,37,,,,,,,,,,,,,
3238669243,,40143,98305830535790,1,4014398305830535790                               001,98305830535790,98305830535790,98305-83-05-35790,R98305830535790,,,,0076111003,13E,18N,5,,TULSA,,TULSA,,T-1A,TULSA,,,,,,,629,46140,,163,SINGLE-FAMILY,,,RS1,RESIDENTIAL SINGLE-FAMILY LOW,10,,,,,,,,36.066668,-95.950344,,,,,,,,,,OK,,TULSA,,,,,,,,,,,,,,PRT NE SW BEG 165E & 25S NWC S/2 NE NE SW S305.39 E192.01 NW308.72 W148.21 POB SEC 5 18 13 1.192AC,SMITH B BURRIS JR,SMITH,B BURRIS,SMITH SHELBY R,SMITH,SHELBY R,,,,,,,,,,,,JT,HW,,6620,,,,TIMBERLANE,RD,,,TULSA,OK,741364521,C024,6620 TIMBERLANE RD,,,Y,0,698264,698264,,M,76809,76809,,698264,698264,,,,,10006.00,2020,2020,T-1A,,,76809,,76809.00,,,,,,,,,,1.1926,51950,,,,,,,,,,,,,,,,,,,,,,,,,,,,,,,,,,,,,,,,,,,,,,,,,,,,,,,,,,2021-03-09,2020-07-01,37,2020,2020,,,,,,,,,,,
7706121173,,40143,99112911216840,1,4014399112911216840                               001,99112911216840,99112911216840,99112-91-12-16840,R99112911216840,,,,,11E,19N,12,NE,SAND SPRINGS,,TULSA,,SS-2A,SAND SPRINGS,,,,,,,7142,46140,,200,COMMERCIAL,,,CS,COMMERCIAL SHOPPING CENTER DIS,20,,,IYN,,,,,36.147554,-96.084013,,,,,,,,,,OK,,TULSA,,,,,,,,,,,,,,BEG 50S & 24.75W NEC NE TH S340 W299.94 N340 E299.94 POB SEC 12 19 11 2.341ACS,SAND SPRINGS HOME,,,,,,Y,,,,,,,,,,,,,,,,,,PO BOX 278,,,,SAND SPRINGS,OK,740630278,B002,PO BOX 278,,,Y,0,153000,153000,,M,16830,16830,,153000,153000,,,,,2186.00,2020,2020,SS-2A,,,16830,,16830.00,,,,,,,,,,2.3411,101979,,,,,,,,,,,,,,,,,,,,,,,,,,,,,,,,,,,,,,,,,,,,,,,,,,,,,,,SPU,,WPU,2021-03-09,2020-07-01,37,2020,2020,,,,,,,,,,,
1089570187,,40143,45650932117600,1,4014345650932117600                               001,45650932117600,45650932117600,45650-93-21-17600,R45650932117600,,,,0040002009,13E,19N,21,SE,TULSA,,TULSA,,T-1A,TULSA,,,,,,,9731,46140,,163,SINGLE-FAMILY,,,RS3,RESIDENTIAL SINGLE FAMILY-HIGH,10,,,INR,,,,,36.110459,-95.928966,,,,,,,,,,OK,,TULSA,,,,,,13,,2,,,,,WALTER FOSTER ADD B10-16,LT-2-BLK-13,MCLAIN CAROLJEAN,MCLAIN,CAROLJEAN,,,,,,,,,,,,,,,,,,3632,,,S,RICHMOND,AVE,,,TULSA,OK,741352333,C032,3632 S RICHMOND AVE,,,Y,0,3168,3168,,M,348,348,,3168,3168,,,,,45.00,2020,2020,T-1A,,,348,,348.00,,,,,,,,,,0.1834,7991,,,,,,,,,,,,,,,,,,,,,,,,,,,,,,,,,,,,,,,,,,,,,,,,,,,,,,,,,,2021-03-09,2020-07-01,37,2020,2020,,,,,,,,,,,
1000556872,,40143,77674831533960,1,4014377674831533960                               001,77674831533960,77674831533960,77674-83-15-33960,R77674831533960,,,,0076322018,13E,18N,15,SE,UNION,,TULSA,,T-9A,UNION,,,,,,,0358,46140,,481,RESERVES & UNBUILDABLE LOTS,,,RS2,RESIDENTIAL SINGLE FAMILY-MED,80,,,,,,,,36.032028,-95.910380,,,,,,,,,,OK,,TULSA,,,,,,A,,,,,,,WOODHILL,RESERVE A,L E C LTD,,,,,,Y,,,,,,,,,,,,,,8828,,,S,KINGSTON,AVE,,,TULSA,OK,741373000,R047,8828 S KINGSTON AVE,WOODHILL HOMEOWNERS ASSOC,,Y,0,200,200,,M,22,22,,200,200,,,,,3.00,2020,2020,T-9A,,,22,,22.00,,,,,,,,,,0.0046,202,,,,,,,,,,,,,,,,,,,,,,,,,,,,,,,,,,,,,,,,,,,,,,,,,,,,,,,,,,2021-03-09,2020-07-01,37,2020,2020,,,,,,,,,,,
5195909405,,40143,18850023506480,1,4014318850023506480                               001,18850023506480,18850023506480,18850-02-35-06480,R18850023506480,,,,0009001015,12E,20N,35,NE,TULSA,,TULSA,,T-1A,TULSA,,,,,,,7136,46140,,200,COMMERCIAL,,,RM1,RESIDENTIAL MULTI LOW DENSITY,20,,,,,,,,36.176291,-96.000988,,,,,,,,,,OK,,TULSA,,,,,,3,,5,,,,,HOBBS ADD,LT 5 BLK 3,CITY OF TULSA,,,,,,Y,,,,,,,,,,,,,,175,,,E,2ND,ST,,260,TULSA,OK,741033204,C006,175 E 2ND ST #260,,,Y,0,100,100,,M,,,,100,100,,,,,,,2020,T-1A,,,,,,,,,,,,,,,0.1780,7754,,,,,,,,,,,,,,,,,,,,,,,,,,,,,,,,,,,,,,,,,,,,,,,,,,,,,,,,,,2021-03-09,2020-07-01,37,,,,,,,,,,,,,
2346923790,,40143,35700921106140,1,4014335700921106140                               001,35700921106140,35700921106140,35700-92-11-06140,R35700921106140,,,,0025001042,12E,19N,11,NE,TULSA,,TULSA,,T-1A,TULSA,,,,,,,9731,46140,,200,SOUTHSIDE IDL,,,CBD,CENTRAL BUSINESS DISTRICT,20,,,,,,,,36.146239,-95.998096,,,,,,,,,,OK,,TULSA,,,,,,7,,1,,,,,RIVERVIEW ADD,E40 TR A NORVELL PARK ADDN RESUB HORSLEY HILL & E40 LT 1 BLK 7,CITY OF TULSA,,,,,,Y,,,,,,,,,,,,,,175,,,E,2ND,ST,,260,TULSA,OK,741033204,C006,175 E 2ND ST #260,,,Y,0,100,100,,M,,,,100,100,,,,,,,2020,T-1A,,,,,,,,,,,,,,,0.1110,4834,,,,,,,,,,,,,,,,,,,,,,,,,,,,,,,,,,,,,,,,,,,,,,,,,,,,,,,,,,2021-03-09,2020-07-01,37,,,,,,,,,,,,,
7907297471,,40143,76615831068130,1,4014376615831068130                               001,76615831068130,76615831068130,76615-83-10-68130,R76615831068130,,,,0076201026,13E,18N,10,SE,UNION,,TULSA,,T-9A,UNION,,,,,,,0501,46140,,163,SINGLE-FAMILY,,,RS3,RESIDENTIAL SINGLE FAMILY-HIGH,10,,,,,,,,36.046905,-95.909408,,,,,,,,,,OK,,TULSA,,,,,,A,,,,,,,PLEASANT VALLEY ESTATES,RESERVE A,CITY OF TULSA,,,,,,Y,,,,,,,,,,,,,,175,,,E,2ND,ST,,260,TULSA,OK,741033204,C006,175 E 2ND ST #260,,,Y,0,100,100,,M,,,,100,100,,,,,,,2020,T-9A,,,,,,,,,,,,,,,2.3368,101790,,,,,,,,,,,,,,,,,,,,,,,,,,,,,,,,,,,,,,,,,,,,,,,,,,,,,,,,,,2021-03-09,2020-07-01,37,,,,,,,,,,,,,
9415740145,,40143,99102910224770,1,4014399102910224770                               001,99102910224770,99102910224770,99102-91-02-24770,R99102910224770,,,,0093001002,11E,19N,2,NE,SAND SPRINGS,,TULSA,,2B,SAND SPRINGS,,,,,,,7141,46140,,500,AGRICULTURAL,,,AG,AGRICULTURAL DISTRICT,70,,,,,,,,36.158618,-96.114236,,,,,,,,,,OK,,TULSA,,,,,,3,,3,,,,,,GOV LTS 3 4 & W/2 GOV LT 2 & S/2 NW & NW SW NE LESS BEG 1034E SWC NW TH N60 NE2.01 N781.53 E1026 S TO NWC TIMBER VIEW EST RSB BLK3 E229.12 N200 E TO EL NW S TO SECR W1605.12 TO POB & LESS PRT N/2 BEG 2255.82W NEC NE TH S363 W600 N363 E600 POB SEC 2 19 11 111.925 ACS,CHAS PAGE FAMILY CARE,CHAS,PAGE FAMILY CARE,,,,,,,,,,,,,,,TR,,,,,,,PO BOX 278,,,,SAND SPRINGS,OK,740630278,B002,PO BOX 278,E J DOERNER ETAL TRUSTEES,,Y,0,7321,7321,,M,614,614,,7321,7321,,,,,71.00,2020,2020,2B,,,614,,614.00,,,,,,,,,,111.9250,4875453,,,,,,,,,,,,,,,,,,,,,,,,,,,,,,,,,,,,,,,,,,,,,,,,,,,,,,,,,,2021-03-09,2020-07-01,37,2020,2020,,,,,,,,,,,
8993770057,,40143,99010901004590,1,4014399010901004590                               001,99010901004590,99010901004590,99010-90-10-04590,R99010901004590,,,,0095002021,10E,19N,10,SW,KEYSTONE,,TULSA,,15B,KEYSTONE,,,,,,,7146,46140,,200,COMMERCIAL COYOTE TRAIL,,,AG,AGRICULTURAL DISTRICT,20,,,,,,,,36.137658,-96.227022,,,,,,,,,,OK,,TULSA,,,,,,,,6,,,,,,GOV LTS 6 7 & 8 LYING N RR R/W LESS W/2 GOV LT 6 SEC 10 19 10 12.31ACS,RIVER PARKS AUTHORITY,,,,,,Y,,,,,,,,,,,,,,2424,,,E,21ST,ST,,300,TULSA,OK,741141722,C001,2424 E 21ST ST #300,,,Y,0,100,100,,M,,,,100,100,,,,,,,2020,15B,,,,,,,,,,,,,,,12.3100,536224,,,,,,,,,,,,,,,,,,,,,,,,,,,,,,,,,,,,,,,,,,,,,,,,,,,,,,,,,,2021-03-09,2020-07-01,37,,,,,,,,,,,,,
2728458223,,40143,57480902216150,1,4014357480902216150                               001,57480902216150,57480902216150,57480-90-22-16150,R57480902216150,,,,0095002023,10E,19N,22,NW,KEYSTONE,,TULSA,,15B,KEYSTONE,,,,,,,1096,46140,,163,SINGLE-FAMILY,,,AG,AGRICULTURAL DISTRICT,10,,,,,,,,36.118802,-96.240821,,,,,,,,,,OK,,TULSA,,,,,,2,,14,,,,,O&M ADD,LT 14 BLK 2,SCHWICKERATH JEFFERY B,SCHWICKERATH,JEFFERY B,SCHWICKERATH SONDRA R,SCHWICKERATH,SONDRA R,,,,,,,,,,,,JT,HW,,,,,,PO BOX 734,,,,SAPULPA,OK,740670734,B005,PO BOX 734,,,Y,0,2500,2500,,M,275,275,,2500,2500,,,,,23.00,2020,2020,15B,,,275,,275.00,,,,,,,,,,0.6019,26220,,,,,,,,,,,,,,,,,,,,,,,,,,,,,,,,,,,,,,,,,,,,,,,,,,,,,,,,,,2021-03-09,2020-07-01,37,2020,2020,,,,,,,,,,,
8583439654,,40143,57600732401390,1,4014357600732401390                               001,57600732401390,57600732401390,57600-73-24-01390,R57600732401390,,,,0078012018,13E,17N,24,,BIXBY,,TULSA,,BI-4A,BIXBY,,,,,,,7858,46140,,163,SINGLE-FAMILY,,,RS3,RESIDENTIAL SINGLE FAMILY-HIGH,10,,,,,,35.937928,-95.881026,35.937902,-95.881129,300,,,S,MAIN,ST,,,BIXBY,OK,74008,TULSA,C003,300 S MAIN ST,S,N,,22,,1,,,,,BIXBY-ORIGINAL TOWN,E/2 LT 1 BLK 22,CITY OF BIXBY,,,,,,Y,,,,,,,,,,,CO,,,,,,,PO BOX 70,,,,BIXBY,OK,740080070,B001,PO BOX 70,,,Y,0,9000,9000,,M,,,,9000,9000,,,,,,,2020,BI-4A,,,,,,,,,,,,,,,0.0803,3500,,,,,,,,,,,,,,,,,,,,,,,,,,,,,,,,,,,,,,,,,,,,,,,,,,,,,,,,,,2021-03-09,2020-07-01,37,,,,,,,,,,,,,
3254162286,,40143,60905823651580,1,4014360905823651580                               001,60905823651580,60905823651580,60905-82-36-51580,R60905823651580,,,,0067072040,12E,18N,36,SE,JENKS,,TULSA,,JK-5A,JENKS,,,,,,,0140,46140,,481,RESERVES & UNBUILDABLE LOTS,,,RS2,RESIDENTIAL SINGLE FAMILY-MED,80,,,,,,,,35.990327,-95.982219,,,,,,,,,,OK,,TULSA,,,,,,C,,,,,,,SOUTH CREEK,RESERVE C,SOUTHERN DEV CO LLC,,,,,,Y,,,,,,,,,,,,,,,,,,PO BOX 744,,,,BIXBY,OK,740080744,B004,PO BOX 744,SOUTH CREEK HOA,,Y,0,200,200,,M,22,22,,200,200,,,,,3.00,2020,2020,JK-5A,,,22,,22.00,,,,,,,,,,0.0104,452,,,,,,,,,,,,,,,,,,,,,,,,,,,,,,,,,,,,,,,,,,,,,,,,,,,,,,,,,,2021-03-09,2020-07-01,37,2020,2020,,,,,,,,,,,
8498352626,,40143,91214121402460,1,4014391214121402460                               001,91214121402460,91214121402460,91214-12-14-02460,R91214121402460,,,,0056001019,12E,21N,14,,SPERRY,,TULSA,,SP-8A,SPERRY,,,,,,,1114,46140,,163,SINGLE-FAMILY,,,R,RESIDENTIAL,10,,,INR,,,,,36.296495,-95.992405,,,,,,,,,,OK,,TULSA,,,,,,,,,,1,,,,BEG 25S & 156W NEC SE SE TH W124 S41 E124 N41 POB TR 1 LESS E10 THEREOF FOR ALLEY SEC 14 21 12 .1073ACS,BRIGGS LARRY D,BRIGGS,LARRY D,BRIGGS TERRY L,BRIGGS,TERRY L,,,,,,,,,,,,,,,,,,,PO BOX 999,,,,SPERRY,OK,740730999,B002,PO BOX 999,,,Y,0,673,673,,M,69,69,,673,673,,,,,8.00,2020,2020,SP-8A,,,69,,69.00,,,,,,,,,,0.1073,4674,,,,,,,,,,,,,,,,,,,,,,,,,,,,,,,,,,,,,,,,,,,,,,,,,,,,,,,,,,2021-03-09,2020-07-01,37,2020,2020,,,,,,,,,,,
7984707154,,40143,54875901000150,1,4014354875901000150                               001,54875901000150,54875901000150,54875-90-10-00150,R54875901000150,,,,0095001085,10E,19N,10,,SAND SPRINGS,,TULSA,,2B,SAND SPRINGS,,,,,,,1089,46140,,163,SINGLE-FAMILY,,,RS,RESIDENTIAL SINGLE-FAMILY,10,,,INR,,,,,36.143479,-96.235921,,,,,,,,,,OK,,TULSA,,,,,,1,,15,,,,,CANDLESTICK BEACH,LT 15 BLK 1,PURSER MARTHA A,PURSER,MARTHA A,,,,,,,,,,,,,,,,,,21709,,,W,13TH,PL,S,,SAND SPRINGS,OK,740635147,R001,21709 W 13TH PL S,,,Y,0,4496,4496,,M,461,461,,4496,4496,,,,,53.00,2020,2020,2B,,,461,,461.00,,,,,,,,,,0.3337,14536,,,,,,,,,,,,,,,,,,,,,,,,,,,,,,,,,,,,,,,,,,,,,,,,,,,,,,,,,,2021-03-09,2020-07-01,37,2020,2020,,,,,,,,,,,
8631176440,,40143,99136913618010,1,4014399136913618010                               001,99136913618010,99136913618010,99136-91-36-18010,R99136913618010,,,,0065071030,11E,19N,36,,TULSA,,,,1B,TULSA,,,,,,,,46140,,163,SINGLE-FAMILY,,,AG,AGRICULTURAL DISTRICT,10,,,,,,,,36.085571,-96.091061,,,,,,,,,,OK,,TULSA,,,,,,,,,,,,,,N/2 S/2 W/2 W/2 NE THEREOF SEC 36 19 11 10ACS,WALLACE DONALD A,WALLACE,DONALD A,REV GAEL L,REV,GAEL L,,,,,,,,,,,,TR,,,23,,,,KRIS,LN,,,MANITOU SPRINGS,CO,808292709,C003,23 KRIS LN,,,Y,0,80000,80000,,M,8800,8800,,80000,80000,,,,,990.00,2020,2020,1B,,,8800,,8800.00,,,,,,,,,,10.0000,435600,,,,,,,,,,,,,,,,,,,,,,,,,,,,,,,,,,,,,,,,,,,,,,,,,,,,,,,,,,2021-03-09,2020-07-01,37,2020,2020,,,,,,,,,,,
4314342874,,40143,54650920702120,1,4014354650920702120                               001,54650920702120,54650920702120,54650-92-07-02120,R54650920702120,,,,0088001056,12E,19N,7,SW,SAND SPRINGS,,TULSA,,2B,SAND SPRINGS,,,,,,,7240,46140,,133,MULTI-FAMILY,,,RM2,RESIDENTIAL MULTI MEDIUM DENSI,22,,,INR,,,,,36.140139,-96.072408,,,,,,,,,,OK,,TULSA,,,,,,H,,208,,,,,BILLINGTONS ACRES RESUB ALL TR 5 & PRT TR 6 & 7,LOT 208 BLK H,VLORNNSARR SERVICES INC,,,,,,Y,,,,,,,,,,,CO,,,29841,,,E,81ST,ST,S,,BROKEN ARROW,OK,740146074,R004,29841 E 81ST ST S,VALOREY L TOTTEN,,Y,0,200,200,,M,22,22,,200,200,,,,,3.00,2020,2020,2B,,,22,,22.00,,,,,,,,,,0.3590,15637,,,,,,,,,,,,,,,,,,,,,,,,,,,,,,,,,,,,,,,,,,,,,,,,,,,,,,,,,,2021-03-09,2020-07-01,37,2020,2020,,,,,,,,,,,
8513700187,,40143,99419941903870,1,4014399419941903870                               001,99419941903870,99419941903870,99419-94-19-03870,R99419941903870,,,,,14E,19N,19,NW,UNION,,TULSA,,T-9A,UNION,,,,,,,7419,46140,,602,STATE OWNED PROPERTY,,,RM2,RESIDENTIAL MULTI MEDIUM DENSI,90,,,,,,,,36.118838,-95.860303,,,,,,,,,,OK,,TULSA,,,,,,,,,,,,,,PRT NE NW BEG NWC NE TH S1460.83 W50 N826.63 NW435 N125 W249.77 N100 E329.76 POB SEC 19 19 14 2.59AC,STATE OF OKLAHOMA,,,DEPT OF HWYS R/W DIV,,,Y,Y,,,,,,,,,,,,,200,,,NE,21ST,ST,,,OKLAHOMA CITY,OK,731053204,C008,200 NE 21ST ST,,,Y,0,395,395,,M,43,43,,395,395,,,,,,,2020,T-9A,,,43,,43.00,,,,,,,,,,2.5900,112820,,,,,,,,,,,,,,,,,,,,,,,,,,,,,,,,,,,,,,,,,,,,,,,,,,,,,,,,,,2021-03-09,2020-07-01,37,,,,,,,,,,,,,
9939262545,,40143,44875933208095,1,4014344875933208095                               001,44875933208095,44875933208095,44875-93-32-08095,R44875933208095,,,,0087001002,13E,19N,32,NE,TULSA,,TULSA,,T-1A,TULSA,,,,,,,8009,46140,,163,SINGLE-FAMILY,,,RS2,RESIDENTIAL SINGLE FAMILY-MED,10,,,INR,,,,,36.085990,-95.947682,,,,,,,,,,OK,,TULSA,,,,,,3,,1,,,,,VILLA GROVE GARDENS AMD,E105.10 N85 LT 1 BLK 3,BANDA ELVIRA,BANDA,ELVIRA,,,,,,,,,,,,,,,,SI,,5307,,,S,DELAWARE,PL,,,TULSA,OK,741057458,C036,5307 S DELAWARE PL,,,Y,0,4000,4000,,M,364,364,,4000,4000,,,,,47.00,2020,2020,T-1A,,,364,,364.00,,,,,,,,,,0.2051,8934,,,,,,,,,,,,,,,,,,,,,,,,,,,,,,,,,,,,,,,,,,,,,,,,,,,,,,,,,,2021-03-09,2020-07-01,37,2020,2020,,,,,,,,,,,
8193276177,,40143,29625023621100,1,4014329625023621100                               001,29625023621100,29625023621100,29625-02-36-21100,R29625023621100,,,,0010001015,12E,20N,36,NW,TULSA,,TULSA,,T-1A,TULSA,,,,,,,7136,46140,,163,SINGLE-FAMILY,,,RS3,RESIDENTIAL SINGLE FAMILY-HIGH,10,,,INR,,,,,36.174581,-95.991623,,,,,,,,,,OK,,TULSA,,,,,,6,,3,,,,,NORTHMORELAND ADD,LT 3 & N5 VAC ALLEY ADJ ON S BLK 6,ENGLISH ARTHUR,ENGLISH,ARTHUR,,,,,,,,,,,,,,,,,,7815,,,E,NEWTON,ST,,,TULSA,OK,741156933,C037,7815 E NEWTON ST,,,Y,0,741,741,,M,82,82,,741,741,,,,,11.00,2020,2020,T-1A,,,82,,82.00,,,,,,,,,,0.1837,8000,,,,,,,,,,,,,,,,,,,,,,,,,,,,,,,,,,,,,,,,,,,,,,,,,,,,,,,,,,2021-03-09,2020-07-01,37,2020,2020,,,,,,,,,,,
2521054092,,40143,99436943606642,1,4014399436943606642                               001,99436943606642,99436943606642,99436-94-36-06642,R99436943606642,,,,0090032000,14E,19N,36,,BROKEN ARROW,,TULSA,,BA-3A,BROKEN ARROW,,,,,,,1824,46140,,163,SINGLE-FAMILY,,,A1,GENERAL AGRICULTURE,10,,,,,,,,36.078202,-95.762235,,,,,,,,,,OK,,TULSA,,,,,,,,,,,,,,BEG 660.50N SECR SE TH N660.50 W330 S660.50 E330 POB SEC 36 19 14 5.004ACS,CITY OF BROKEN ARROW OKLAHOMA,,,,,,Y,,,,,,,,,,,CO,,,,,,,,,,,,,,,,,,,,56200,56200,,M,6182,6182,,56200,56200,,,,,816.00,2020,2020,BA-3A,,,6182,,6182.00,,,,,,,,,,5.0000,217800,,,,,,,,,,,,,,,,,,,,,,,,,,,,,,,,,,,,,,,,,,,,,,,,,,,,,,,,,,2021-03-09,2020-07-01,37,2020,2020,,,,,,,,,,,
1010354115,,40143,53125030601010,1,4014353125030601010                               001,53125030601010,53125030601010,53125-03-06-01010,R53125030601010,,,,0091042062,13E,20N,6,SW,TULSA,,TULSA,,1B,TULSA,,,,,,,9746,46140,,163,SINGLE-FAMILY,,,RS,RESIDENTIAL SINGLE-FAMILY,10,,,,,,,,36.241514,-95.972681,,,,,,,,,COUNTY,OK,,TULSA,,,,,,4,,5,,,,,EAST TURLEY ADD AMD B1&4-5&8,LT 5 BLK 4,MCGEE ELMER & TULSA COUNTY,,,,,,Y,,,,,,,,,,,,,,500,,,S,DENVER,AVE,,320,TULSA,OK,741033832,C006,500 S DENVER AVE #320,TULSA COUNTY,,Y,0,100,100,,M,,,,100,100,,,,,,,2020,1B,,,,,,,,,,,,,,,0.0803,3500,,,,,,,,,,,,,,,,,,,,,,,,,,,,,,,,,,,,,,,,,,,,,,,,,,,,,,,,,,2021-03-09,2020-07-01,37,,,,,,,,,,,,,
1024388996,,40143,87055730355030,1,4014387055730355030                               001,87055730355030,87055730355030,87055-73-03-55030,R87055730355030,,,,007802,13E,17N,3,,BIXBY,,,,T-4A,BIXBY,,,,,,,,46140,,163,SINGLE-FAMILY,,,RS3,RESIDENTIAL SINGLE FAMILY-HIGH,10,,,,,,35.954000,-95.889000,35.977580,-95.904914,12805,,,S,OXFORD,AVE,,,BIXBY,OK,74008,TULSA,R009,12805 S OXFORD AVE,S,N,,1,,4,,,,,COTTAGES/ADDISON CRK,LOT 4 BLOCK 1,EXECUTIVE HOMES LLC,,,,,,Y,,,,,,,,,,,,,,,,,,PO BOX 521209,,,,TULSA,OK,741520018,B012,PO BOX 521209,,,Y,0,7850,7850,,M,864,864,,7850,7850,,,,,118.00,2020,2020,T-4A,,,864,,864.00,,,,,,,,,,0.1458,6350,,,,,,,,,,,,,,,,,,,,,,,,,,,,,,,,,,,,,,,,,,,,,,,,,,,,,,,,,,2021-03-09,2020-07-01,37,2020,2020,,,,,,,,,,,
8059353713,,40143,91405140528690,1,4014391405140528690                               001,91405140528690,91405140528690,91405-14-05-28690,R91405140528690,,,,0058072018,14E,21N,5,,OWASSO,,TULSA,,11B,OWASSO,,,,,,,7603,46140,,200,COMM N TULSA CNTY,,,AG,AGRICULTURAL DISTRICT,20,,,,,,,,36.332623,-95.830249,,,,,,,,,,OK,,TULSA,,,,,,,,,,,,,,E50 N220 NE SE NE SEC 5 21 14 .25AC,TULSA COUNTY,,,,,,Y,,,,,,,,,,,,,,500,,,S,DENVER,AVE,,302,TULSA,OK,741033838,C006,500 S DENVER AVE #302,,,S,0,100,100,,M,,,,100,100,,,,,,,2020,11B,,,,,,,,,,,,,,,0.2163,9422,,,,,,,,,,,,,,,,,,,,,,,,,,,,,,,,,,,,,,,,,,,,,,,,,,,,,,,,,,2021-03-09,2020-07-01,37,,,,,,,,,,,,,
6992367094,,40143,70518833321640,1,4014370518833321640                               001,70518833321640,70518833321640,70518-83-33-21640,R70518833321640,,,,0076381017,13E,18N,33,,JENKS,,,,T-5A,JENKS,,,,,,,,46140,,163,SINGLE-FAMILY,,,,,10,,,,,,35.995440,-95.935955,35.995808,-95.934807,3730,,,E,116TH,ST,,,TULSA,OK,74137,TULSA,R061,3730 E 116TH ST,S,N,,2,,11,,,,,DELAWARE PK,LOT 11 BLOCK 2,ASHER HOMES LLC,,,,,,Y,,,,,,,,,,,,,A,9128,,,S,BRADEN,AVE,,201,TULSA,OK,741374053,R040,9128 S BRADEN AVE #201,,,Y,0,25510,25510,,M,2806,2806,,25510,25510,,,,,382.00,2020,2020,T-5A,,,2806,,2806.00,,,,,,,,,,0.2315,10085,,,,,,,,,,,,,,,,,,,,,,,,,,,,,,,,,,,,,,,,,,,,,,,,,,,,,,,,,,2021-03-09,2020-07-01,37,2020,2020,,,,,,,,,,,
8037036882,,40143,97320732019790,1,4014397320732019790                               001,97320732019790,97320732019790,97320-73-20-19790,R97320732019790,,,,0077024013,13E,17N,20,NW,BIXBY,,TULSA,,4B,BIXBY,,,,,,,7802,46140,,602,STATE OWNED PROPERTY,,,AG,AGRICULTURAL DISTRICT,90,,,,,,,,35.944371,-95.949212,,,,,,,,,,OK,,TULSA,,,,,,,,,,,,,,N250 E30 E/2 E/2 E/2 NW SEC 20 17 13 .172AC,STATE OF OKLAHOMA,,,,,,Y,,,,,,,,,,,,,,200,,,NE,21ST,ST,,,OKLAHOMA CITY,OK,731053204,C008,200 NE 21ST ST,DEPT OF TRANSPORTATION,,Y,0,34,34,,M,4,4,,34,34,,,,,,,2020,4B,,,4,,4.00,,,,,,,,,,0.1722,7500,,,,,,,,,,,,,,,,,,,,,,,,,,,,,,,,,,,,,,,,,,,,,,,,,,,,,,,,,,2021-03-09,2020-07-01,37,,,,,,,,,,,,,
2887986288,,40143,52600922900645,1,4014352600922900645                               001,52600922900645,52600922900645,52600-92-29-00645,R52600922900645,,,,0066003007,12E,19N,29,SE,SAPULPA,,TULSA,,SA-1A,SAPULPA,,,,,,,7294,46140,,163,SINGLE-FAMILY,,,RS,RESIDENTIAL SINGLE-FAMILY,10,,,,,,,,36.090697,-96.056045,,,,,,,,,,OK,,TULSA,,,,,,3,,5,,,,,BRIDGES HEIGHTS,PRT LT 5 BEG 145.42N SWC LT 5 TH N145.43 E153.47 S145.43 W153.50 POB LESS W5 THEREOF FOR RD BLK 3,SCHWICKERATH JEFFERY,SCHWICKERATH,JEFFERY,SCHWICKERATH SONDRA,SCHWICKERATH,SONDRA,,,,,,,,,,,,LE,,,12950,,,W,81ST,ST,S,,SAPULPA,OK,740667065,R005,12950 W 81ST ST S,,,Y,0,15898,15898,,M,612,612,,15898,15898,,,,,78.00,2020,2020,SA-1A,,,612,,612.00,,,,,,,,,,0.4957,21593,,,,,,,,,,,,,,,,,,,,,,,,,,,,,,,,,,,,,,,,,,,,,,,,,,,,,,,,,,2021-03-09,2020-07-01,37,2020,2020,,,,,,,,,,,
2471114390,,40143,97308730860195,1,4014397308730860195                               001,97308730860195,97308730860195,97308-73-08-60195,R97308730860195,,,,0067081041,13E,17N,8,,BIXBY,,TULSA,,JK-4A,BIXBY,,,,,,,1300,46140,,481,RESERVES & UNBUILDABLE LOTS,,,RS1,RESIDENTIAL SINGLE-FAMILY LOW,80,,,,,,,,35.961803,-95.946523,,,,,,,,,,OK,,TULSA,,,,,,1,,10,,,,,,PRT SW SE BEG NEC LT 10 BLK 1 COUNTRY MEADOWS ADD TH SW105.6 NE99.8 SE56.23 POB SEC 8 17 13 .06AC,ROBISON DONALD GLEN,ROBISON,DONALD GLEN,,,,,,,,,,,,,,,,,,2619,,,E,139TH,ST,S,,BIXBY,OK,740083733,R007,2619 E 139TH ST S,TAMMY M MOONEY,,Y,0,200,200,,M,22,22,,200,200,,,,,3.00,2020,2020,JK-4A,,,22,,22.00,,,,,,,,,,0.0606,2640,,,,,,,,,,,,,,,,,,,,,,,,,,,,,,,,,,,,,,,,,,,,,,,,,,,,,,,,,,2021-03-09,2020-07-01,37,2020,2020,,,,,,,,,,,
2964273679,,40143,92404240456810,1,4014392404240456810                               001,92404240456810,92404240456810,92404-24-04-56810,R92404240456810,,,,0054023005,14E,22N,4,,COLLINSVILLE,,TULSA,,6B,COLLINSVILLE,,,,,,,9035,46140,,500,AGRICULTURAL,,,AG,AGRICULTURAL DISTRICT,70,,,,,,,,36.415469,-95.815708,,,,,,,,,,OK,,TULSA,,,,,,,,,,,,,,NW NE SE SEC 4 22 14,SEXTON BRUCE RICHARD,SEXTON,BRUCE RICHARD,GODFREY ANGELA M,GODFREY,ANGELA M,,,,,,,,,,,,,,,18202,,,N,97TH EAST,AVE,,,COLLINSVILLE,OK,740214238,R001,18202 N 97TH EAST AVE,,,Y,0,1051,1051,,M,109,109,,1051,1051,,,,,13.00,2020,2020,6B,,,109,,109.00,,,,,,,,,,10.0000,435600,,,,,,,,,,,,,,,,,,,,,,,,,,,,,,,,,,,,,,,,,,,,,,,,,,,,,,,,,,2021-03-09,2020-07-01,37,2020,2020,,,,,,,,,,,
6100972781,,40143,91201120137610,1,4014391201120137610                               001,91201120137610,91201120137610,91201-12-01-37610,R91201120137610,,,,0056002024,12E,21N,1,,SPERRY,,TULSA,,8B,SPERRY,,,,,,,9038,46140,,500,AGRICULTURAL,,,AG,AGRICULTURAL DISTRICT,70,,,,,,,,36.326626,-95.985811,,,,,,,,,,OK,,TULSA,,,,,,,,,,,,,,SE NW SW & S/2 NE SW SEC 1-21-12 30 AC.,ARY LAND LLC,,,,,,Y,,,,,,,,,,,,,,26159,,,E,121ST,ST,S,,COWETA,OK,744296112,R004,26159 E 121ST ST S,,,Y,0,5503,5503,,M,605,605,,5503,5503,,,,,67.00,2020,2020,8B,,,605,,605.00,,,,,,,,,,30.0000,1306800,,,,,,,,,,,,,,,,,,,,,,,,,,,,,,,,,,,,,,,,,,,,,,,,,,,,,,,,,,2021-03-09,2020-07-01,37,2020,2020,,,,,,,,,,,
2326536998,,40143,71530831700220,1,4014371530831700220                               001,71530831700220,71530831700220,71530-83-17-00220,R71530831700220,,,,0076121011,13E,18N,17,NW,JENKS,,TULSA,,T-5A,JENKS,,,,,,,8009,46140,,200,COMMERCIAL SOUTH TULSA,,,OM,OFFICE MEDIUM INTENSITY DISTRI,20,,,,,,,,36.044316,-95.951227,,,,,,,,,,OK,,TULSA,,,,,,1,,1,,,,,ORAL ROBERTS UNIVERSITY HEIGHTS 2ND ADD,PRT LT 1 BEG 944W NEC TH W107.95 S30.29 TH ON CRV RT 171.12 TH ON CRV LF 128.44 TH ON CRV LF 31.77 E50.01 S254.33 W41.82 TH ON CRV LF 33.26 TH ON CRV LF 704.16 E641.38 NW334.31 W891.24 N676 POB BLK 1,ROBERTS ORAL UNIVERSITY,,,,,,Y,,,,,,,,,,,,,,,,,,PO BOX 2187,,,,TULSA,OK,741022187,B050,PO BOX 2187,,,Y,0,1487900,1487900,,M,,,,1487900,1487900,,,,,,,2020,T-5A,,,,,,,,,,,,,,,9.7988,426836,,,,,,,,,,,,,,,,,,,,,,,,,,,,,,,,,,,,,,,,,,,,,,,,,,,,,,,,,,2021-03-09,2020-07-01,37,,,,,,,,,,,,,
7347823913,,40143,35500921105540,1,4014335500921105540                               001,35500921105540,35500921105540,35500-92-11-05540,R35500921105540,,,,,12E,19N,11,SW,TULSA,,TULSA,,T-1A,TULSA,,,,,,,9731,46140,,200,ARCHER&PEORIA-CHASPAGE-AVERY D,,,IL,INDUSTRIAL LIGHT DISTRICT,20,,,,,,,,36.135023,-96.007011,,,,,,,,,,OK,,TULSA,,,,,,3,,1,,,,,RIVERSIDE ADD,LT 1 & E5 LT 2 BLK 3,CITY OF TULSA,,,,,,Y,,,,,,,,,,,,,,175,,,E,2ND,ST,,260,TULSA,OK,741033204,C006,175 E 2ND ST #260,,,Y,0,100,100,,M,,,,100,100,,,,,,,2020,T-1A,,,,,,,,,,,,,,,0.0861,3750,,,,,,,,,,,,,,,,,,,,,,,,,,,,,,,,,,,,,,,,,,,,,,,,,,,,,,,,,,2021-03-09,2020-07-01,37,,,,,,,,,,,,,
2348000935,,40143,29900921212090,1,4014329900921212090                               001,29900921212090,29900921212090,29900-92-12-12090,R29900921212090,,,,0032001059,12E,19N,12,NW,TULSA,,TULSA,,T-1A,TULSA,,,,,,,7215,46140,,255,CBD,,,CH,HIGH DENSITY COMMERCIAL DISTRI,31,1,,IYC,,,36.141118,-95.986076,36.141066,-95.985905,1437,,,S,BALTIMORE,AVE,,,TULSA,OK,74119,TULSA,C012,1437 S BALTIMORE AVE,S,N,,8,,15,,,,,OAK GROVE ADD,LT 15 BLK 8,TULSA COUNTY BAR FOUNDATION INC,,,,,,Y,,,,,,,,,,,,,A,1446,,,S,BOSTON,AVE,,,TULSA,OK,741193612,C012,1446 S BOSTON AVE,,,Y,0,101600,71500,30100,M,,,,101600,71500,30100,,,,,,2020,T-1A,,,,,,,,,,,,,,,0.1492,6500,,1980,,,,,,,,,,,,,,,CP0,,AVE,,,,,,,,,,,,,,,,,,,1.00,,,,,,,,,,,,,,,,,SPU,,WPU,2021-03-09,2020-07-01,37,,,,,,,,,,,,,
7001702318,,40143,78345843456100,1,4014378345843456100                               001,78345843456100,78345843456100,78345-84-34-56100,R78345843456100,,,,007522,14E,18N,34,,BROKEN ARROW,,,,BA-3A,BROKEN ARROW,,,,,,,,46140,,481,RESERVES & UNBUILDABLE LOTS,,,CH,HIGH DENSITY COMMERCIAL DISTRI,80,,,,,,35.994100,-95.812300,35.989281,-95.811816,6030,,,S,SYCAMORE,CT,W,,BROKEN ARROW,OK,74011,TULSA,,6030 S SYCAMORE CT W,S,,,RES,,,,,,,,RESERVE B,ASPEN CREEK COMMERCIAL PROPERTY OWNERS ASSOCIATION INC,,,,,,Y,,,,,,,,,,,,,A,12150,,,E,96TH,ST,N,202,OWASSO,OK,740555340,R008,12150 E 96TH ST N #202,,,Y,0,200,200,,M,22,22,,200,200,,,,,3.00,2020,2020,BA-3A,,,22,,22.00,,,,,,,,,,1.3416,58442,,,,,,,,,,,,,,,,,,,,,,,,,,,,,,,,,,,,,,,,,,,,,,,,,,,,,,,,,,2021-03-09,2020-07-01,37,2020,2020,,,,,,,,,,,
2262768462,,40143,90214021428690,1,4014390214021428690                               001,90214021428690,90214021428690,90214-02-14-28690,R90214021428690,,,,000700,12E,20N,14,,TULSA,,TULSA,,T-1A,TULSA,,,,,,,9044,46140,,200,COMMERCIAL,,,RS3,RESIDENTIAL SINGLE FAMILY-HIGH,20,,,,,,36.186100,-95.985000,36.207804,-96.000835,,,,W,36TH,ST,,,TULSA,OK,74106,TULSA,,W 36TH ST,S,,,,,8,,,,,,TR BEG 1998.56W & 50N SECR SE TH N1270 W324.64 TO PT ON WL GOV LT8 S1270 E324.64 POB SEC 14 20 12 9.465ACS,MMIC LLC,,,,,,Y,,,,,,,,,,,,,,111,,,S,ELGIN,AVE,,100,TULSA,OK,741201816,C028,111 S ELGIN AVE #100,,,S,0,412600,412600,,M,45386,45386,,412600,412600,,,,,5912.00,2020,2020,T-1A,,,45386,,45386.00,,,,,,,,,,9.4700,412513,,,,,,,,,,,,,,,,,,,,,,,,,,,,,,,,,,,,,,,,,,,,,,,,,,,,,,,,,,2021-03-09,2020-07-01,37,2020,2020,,,,,,,,,,,
8408410769,,40143,57550742700190,1,4014357550742700190                               001,57550742700190,57550742700190,57550-74-27-00190,R57550742700190,,,,007802,14E,17N,27,SE,BIXBY,,TULSA,,4B,BIXBY,,,,,,,7630,46140,,163,SINGLE-FAMILY,,,AG,AGRICULTURAL DISTRICT,10,,,INR,,,35.954000,-95.889000,35.921775,-95.800303,16610,,,S,158TH,AVE,,,BIXBY,OK,74008,TULSA,,16610 S 158TH AVE,S,,,14,,12,,,,,LEONARD,LTS 12 & 13 BLK 14 & PRT N/2 OF MIDLAND VALLEY RAILROAD BEG SECR LT 13 TH S103.59 SW85.08 N103.48 NE85.51 POB,HALL JEREMY LEE,HALL,JEREMY LEE,,,,,,,,,,,,,,,,,A,1,,,S,LOUISE,ST,,,BIXBY,OK,740084930,C003,1 S LOUISE ST,,,Y,0,6941,6941,,M,764,764,,6941,6941,,,,,91.00,2020,2020,4B,,,764,,764.00,,,,,,,,,,0.3075,13394,,,,,,,,,,,,,,,,,,,,,,,,,,,,,,,,,,,,,,,,,,,,,,,,,,,,,,,,,,2021-03-09,2020-07-01,37,2020,2020,,,,,,,,,,,
2671248365,,40143,81930842745170,1,4014381930842745170                               001,81930842745170,81930842745170,81930-84-27-45170,R81930842745170,,,,0075122002,14E,18N,27,,BROKEN ARROW,,TULSA,,BA-3A,BROKEN ARROW,,,,,,,0814,46140,,163,SINGLE-FAMILY,,,R2,RESIDENTIAL SINGLE FAMILY-MED,10,,,,,,,,36.009543,-95.813536,,,,,,,,,,OK,,TULSA,,,,,,E,,,,,,,WATERFORD PARK,BLK E,WATERFORD PARK I H O A,WATERFORD,PARK I H O A,,,,,,,,,,,,,,,,,,,,,,PO BOX 2411,,,,BROKEN ARROW,OK,740132411,B010,PO BOX 2411,BRIAN MAVES,,Y,0,200,200,,M,22,22,,200,200,,,,,3.00,2020,2020,BA-3A,,,22,,22.00,,,,,,,,,,0.0684,2978,,,,,,,,,,,,,,,,,,,,,,,,,,,,,,,,,,,,,,,,,,,,,,,,,,,,,,,,,,2021-03-09,2020-07-01,37,2020,2020,,,,,,,,,,,
3186874672,,40143,90320032018030,1,4014390320032018030                               001,90320032018030,90320032018030,90320-03-20-18030,R90320032018030,,,,0002001007,13E,20N,20,,TULSA,,TULSA,,T-1A,TULSA,,,,,,,1074,46140,,163,SINGLE-FAMILY,,,RS3,RESIDENTIAL SINGLE FAMILY-HIGH,10,,,,,,,,36.205096,-95.945637,,,,,,,,,,OK,,TULSA,,,,,,,,,,,,,,BEG SEC W/2 E/2 NE NW NE TH N560 SW167.8 S530 E165 POB LESS S25 FOR RD SEC 20 20 13 1.96ACS,ROSE SAM,ROSE,SAM,ROSE JULIA,ROSE,JULIA,,,,,,,,,,,,,HW,,,,,,PO BOX 6237,,,,KANSAS CITY,MO,64126,,PO BOX 6237,,Y,,,6400,6400,,M,704,704,,6400,6400,,,,,92.00,2020,2020,T-1A,,,704,,704.00,,,,,,,,,,1.9600,85378,,,,,,,,,,,,,,,,,,,,,,,,,,,,,,,,,,,,,,,,,,,,,,,,,,,,,,,,,,2021-03-09,2020-07-01,37,2020,2020,,,,,,,,,,,
8478869918,,40143,26725022519120,1,4014326725022519120                               001,26725022519120,26725022519120,26725-02-25-19120,R26725022519120,,,,0007001013,12E,20N,25,SW,TULSA,,TULSA,,T-1A,TULSA,,,,,,,7136,46140,,163,SINGLE-FAMILY,,,RS4,RESIDENTIAL SINGLE FAMILY HIGH,10,,,,,,,,36.180763,-95.991375,,,,,,,,,,OK,,TULSA,,,,,,11,,3,,,,,MEADOWBROOK ADD,W 20' LT 3 & E 20' LT 4 BLK 11,BRAVO DE RUEDA JOCELYN ANDREA GUZMAN,BRAVO,DE RUEDA JOCELYN AND GUZMAN,,,,,,,,,,,,,,,,,,3420,,,NW,189TH,TER,,,EDMOND,OK,730120021,R094,3420 NW 189TH TER,,,Y,0,6354,6354,,M,699,699,,6354,6354,,,,,91.00,2020,2020,T-1A,,,699,,699.00,,,,,,,,,,0.1377,6000,,,,,,,,,,,,,,,,,,,,,,,,,,,,,,,,,,,,,,,,,,,,,,,,,,,,,,,,,,2021-03-09,2020-07-01,37,2020,2020,,,,,,,,,,,
2728569009,,40143,00500921244490,1,4014300500921244490                               001,00500921244490,00500921244490,00500-92-12-44490,R00500921244490,,,,0025002147,12E,19N,12,NE,TULSA,,TULSA,,T-1A,TULSA,,,,,,,7225,46140,,255,CBD IDL,,,CBD,CENTRAL BUSINESS DISTRICT,31,1,,IYC,,,36.146867,-95.983242,36.146806,-95.983007,1103,,,S,DETROIT,AVE,,,TULSA,OK,74120,TULSA,C029,1103 S DETROIT AVE,S,N,,199,,4,,,,,TULSA-ORIGINAL TOWN,S45 N95 LT 4 BLK 199,DUNAMIS PROPERTIES INC,,,,,,Y,,,,,,,,,,,,,A,1131,,,E,19TH,ST,,,TULSA,OK,741207416,C082,1131 E 19TH ST,,,Y,0,48000,45000,3000,M,4422,4146,276,48000,45000,3000,,,,576.00,2020,2020,T-1A,,276,4146,,4422.00,,,,,,,,,,0.1033,4500,,2007,,,,,,,,,,,,,,,CP0,,FAI,,,,,,,,,,,,,,,,,,,,,,,,,,,,,,,,,,,,SPU,,WPU,2021-03-09,2020-07-01,37,2020,2020,,,,,,,,,,,
7701894231,,40143,41150023624290,1,4014341150023624290                               001,41150023624290,41150023624290,41150-02-36-24290,R41150023624290,,,,000700,12E,20N,36,NE,TULSA,,TULSA,,T-1A,TULSA,,,,,,,9731,46140,,200,COMMERCIAL,,,CS,COMMERCIAL SHOPPING CENTER DIS,20,,,,,,36.186100,-95.985000,36.176134,-95.976007,,,,,,,,,TULSA,OK,74106,TULSA,,,,,,1,,4,,,,,SUNNYBROOK ADD,LT 4 & PRT LTS 5 THRU 8 BEG NEC LT 4 TH S50 SW220.87 W67.5 N250 E147.5 POB LESS BEG NEC LT 4 TH S50 SW50.06 SW49.85 N146.67 E2O POB BLK 1,PUBLIC SERVICE CO OF OK,,,,,,Y,,,,,,,,,,,,,,212,,,E,6TH,ST,,,TULSA,OK,741191212,C018,212 E 6TH ST,,,Y,0,76100,76100,,M,,,,76100,76100,,,,,,,2020,T-1A,,,,,,,,,,,,,,,0.6989,30444,,,,,,,,,,,,,,,,,,,,,,,,,,,,,,,,,,,,,,,,,,,,,,,,,,,,,,,,,,2021-03-09,2020-07-01,37,,,,,,,,,,,,,
2138487726,,40143,01325033500010,1,4014301325033500010                               001,01325033500010,01325033500010,01325-03-35-00010,R01325033500010,,,,0060002004,13E,20N,35,NW,TULSA,,TULSA,,T-1A,TULSA,,,,,,,0953,46140,,163,SINGLE-FAMILY,,,RS3,RESIDENTIAL SINGLE FAMILY-HIGH,10,,,,,,36.174960,-95.896451,36.175060,-95.895848,7219,,,E,OKLAHOMA,ST,,,TULSA,OK,74115,TULSA,C032,7219 E OKLAHOMA ST,S,N,,1,,1,,,,,AIRVIEW HEIGHTS ADD,LT 1 BLK 1,MARA MARIA H,MARA,MARIA H,,,,,,,,,,,,,,,,SI,O,7219,,,E,OKLAHOMA,ST,,,TULSA,OK,74115,C032,7219 E OKLAHOMA ST,,,N,,14200,14200,,M,1562,1562,,14200,14200,,,,,203.00,2020,2020,T-1A,,,1562,,1562.00,,,,,,,,,,0.1703,7420,,,,,,,,,,,,,,,,,,,,,,,,,,,,,,,,,,,,,,,,,,,,,,,,,,,,,,,,,,2021-03-09,2020-07-01,37,2020,2020,,,,,,,,,,,
8410475315,,40143,91318131840110,1,4014391318131840110                               001,91318131840110,91318131840110,91318-13-18-40110,R91318131840110,,,,0056001047,13E,21N,18,,SPERRY,,TULSA,,8B,SPERRY,,,,,,,99305,46140,,163,SINGLE-FAMILY,,,AG,AGRICULTURAL DISTRICT,10,,,,,,36.298088,-95.972242,36.297291,-95.973356,9801,,,N,PEORIA,AVE,,,SPERRY,OK,74073,TULSA,R001,9801 N PEORIA AVE,S,N,,,,,,,,,,BEG 175N SWC N/2 SW TH N65 E150 S65 W150 POB SEC 18 21 13 .22 AC,BROGAN RAY,BROGAN,RAY,BROGAN DONNA,BROGAN,DONNA,,,,,,,,,,,,,,A,8188,,,E,BROWNING,AVE,,,CLAREMORE,OK,740193847,R015,8188 E BROWNING AVE,,,Y,0,200,200,,M,22,22,,200,200,,,,,2.00,2020,2020,8B,,,22,,22.00,,,,,,,,,,0.2200,9583,,,,,,,,,,,,,,,,,,,,,,,,,,,,,,,,,,,,,,,,,,,,,,,,,,,,,,,,,,2021-03-09,2020-07-01,37,2020,2020,,,,,,,,,,,
3826041930,,40143,99436943624060,1,4014399436943624060                               001,99436943624060,99436943624060,99436-94-36-24060,R99436943624060,,,,0090032012,14E,19N,36,NE,BROKEN ARROW,,TULSA,,BA-3A,BROKEN ARROW,,,,,,,7436,46140,,200,COMMERCIAL,,,FD,FLOODWAY DISTRICT,20,,,,,,,,36.084641,-95.761827,,,,,,,,,,OK,,TULSA,,,,,,,,,,,,,,E100 N360 SE NE & E75 S960 SE NE SEC 36 19 14 2.479ACS,CITY OF BROKEN ARROW,,,,,,Y,,,,,,,,,,,,,,,,,,PO BOX 610,,,,BROKEN ARROW,OK,740130610,B003,PO BOX 610,,,Y,0,100,100,,M,,,,100,100,,,,,,,2020,BA-3A,,,,,,,,,,,,,,,2.4793,108000,,,,,,,,,,,,,,,,,,,,,,,,,,,,,,,,,,,,,,,,,,,,,,,,,,,,,,,,,,2021-03-09,2020-07-01,37,,,,,,,,,,,,,
9335088730,,40143,98419841946170,1,4014398419841946170                               001,98419841946170,98419841946170,98419-84-19-46170,R98419841946170,,,,,14E,18N,19,,UNION,,TULSA,,T-9A,UNION,,,,,,,9028,46140,,500,AGRICULTURAL,,,AG,AGRICULTURAL DISTRICT,70,,,,,,,,36.019654,-95.862676,,,,,,,,,,OK,,TULSA,,,,,,,,,,,,,,N990 E/2 W/2 SE SW SEC 19 18 14 7.5AC,WITT JOSEPH DODD,WITT,JOSEPH DODD,WITT NIKOLE LYNETTE,WITT,NIKOLE LYNETTE,,,WHITNEY ANN WITT VIGLIETTI,,,,,,,,,,SM,,7707,,,S,HUDSON,AVE,,,TULSA,OK,741368428,C030,7707 S HUDSON AVE,GARY D WITT,,Y,0,958,958,,M,105,105,,958,958,,,,,14.00,2020,2020,T-9A,,,105,,105.00,,,,,,,,,,7.5000,326700,,,,,,,,,,,,,,,,,,,,,,,,,,,,,,,,,,,,,,,,,,,,,,,,,,,,,,,,,,2021-03-09,2020-07-01,37,2020,2020,,,,,,,,,,,
3823978937,,40143,61965911509630,1,4014361965911509630                               001,61965911509630,61965911509630,61965-91-15-09630,R61965911509630,,,,0094012014,11E,19N,15,SW,SAND SPRINGS,,TULSA,,SS-2A,SAND SPRINGS,,,,,,,7902,46140,,163,SINGLE-FAMILY,,,RS3,RESIDENTIAL SINGLE FAMILY-HIGH,10,,,,,,36.122938,-96.133691,36.122421,-96.133633,2707,,,,BAHAMA,AVE,,,SAND SPRINGS,OK,74063,TULSA,R004,2707 BAHAMA AVE,S,N,,5,,4,,,,,MEADOW VALLEY,LT 4 BLK 5,CITY OF SAND SPRINGS,,,,,,Y,,,,,,,,,,,CO,,,,,,,PO BOX 338,,,,SAND SPRINGS,OK,740630338,B002,PO BOX 338,,,Y,0,1000,1000,,M,,,,1000,1000,,,,,,,2020,SS-2A,,,,,,,,,,,,,,,0.1763,7680,,,,,,,,,,,,,,,,,,,,,,,,,,,,,,,,,,,,,,,,,,,,,,,,,,,,,,,,,,2021-03-09,2020-07-01,37,,,,,,,,,,,,,
9333994621,,40143,10275920200030,1,4014310275920200030                               001,10275920200030,10275920200030,10275-92-02-00030,R10275920200030,,,,0042003012,12E,19N,2,SW,TULSA,,TULSA,,T-1A,TULSA,,,,,,,7240,46140,,602,STATE OWNED PROPERTY,,,RS3,RESIDENTIAL SINGLE FAMILY-HIGH,90,,,,,,,,36.149658,-96.002597,,,,,,,,,,OK,,TULSA,,,,,,1,,1,,,,,CROSBIE HEIGHTS,LT 1 & ALL LTS 1 2 & 9 & PRT LTS 3 THRU 8 BLK 1 & ALL LT 9 & PRT LTS 1 THRU 8 BLK 8 & PRT LT 1 BLK 9 2.01AC,STATE OF OKLAHOMA,,,,,,Y,,,,,,,,,,,,,,200,,,NE,21ST,ST,,,OKLAHOMA CITY,OK,731053204,C008,200 NE 21ST ST,DEPT OF HWYS RW DIV,,Y,0,317,317,,M,35,35,,317,317,,,,,,,2020,T-1A,,,35,,35.00,,,,,,,,,,2.2024,95938,,,,,,,,,,,,,,,,,,,,,,,,,,,,,,,,,,,,,,,,,,,,,,,,,,,,,,,,,,2021-03-09,2020-07-01,37,,,,,,,,,,,,,
3424681325,,40143,75430830179590,1,4014375430830179590                               001,75430830179590,75430830179590,75430-83-01-79590,R75430830179590,,,,0076171005,13E,18N,1,,UNION,,TULSA,,T-9A,UNION,,,,,,,1401,46140,,481,RESERVES & UNBUILDABLE LOTS,,,RS3,RESIDENTIAL SINGLE FAMILY-HIGH,80,,,,,,,,36.072960,-95.875601,,,,,,,,,,OK,,TULSA,,,,,,B,,,,,,,"COTTAGES AT WOODLAND VALLEY, THE",RESERVE B,COTTAGES AT WOODLAND,,,VALLEY HOMEOWNERS ASSOC,,,Y,Y,,,,,,,,,,,,,,,,,PO BOX 471213,,,,TULSA,OK,741471213,B012,PO BOX 471213,,,Y,0,200,200,,M,22,22,,200,200,,,,,3.00,2020,2020,T-9A,,,22,,22.00,,,,,,,,,,0.3144,13697,,,,,,,,,,,,,,,,,,,,,,,,,,,,,,,,,,,,,,,,,,,,,,,,,,,,,,,,,,2021-03-09,2020-07-01,37,2020,2020,,,,,,,,,,,
7901034573,,40143,13800021203050,1,4014313800021203050                               001,13800021203050,13800021203050,13800-02-12-03050,R13800021203050,,,,0079003002,12E,20N,12,SW,TULSA,,TULSA,,T-1A,TULSA,,,,,,,9731,46140,,163,SINGLE-FAMILY,,,RS3,RESIDENTIAL SINGLE FAMILY-HIGH,10,,,INR,,,,,36.221535,-95.991939,,,,,,,,,,OK,,TULSA,,,,,,11,,11,,,,,FAIRHILL 2ND ADD,LT 11 BLK 11,PEARSON JULIA,PEARSON,JULIA,,,,,,,,,,,,,,,,,,4635,,,N,CINCINNATI,PL,,,TULSA,OK,741263201,C034,4635 N CINCINNATI PL,,,Y,0,5000,5000,,M,527,527,,5000,5000,,,,,69.00,2020,2020,T-1A,,,527,,527.00,,,,,,,,,,0.2882,12555,,,,,,,,,,,,,,,,,,,,,,,,,,,,,,,,,,,,,,,,,,,,,,,,,,,,,,,,,,2021-03-09,2020-07-01,37,2020,2020,,,,,,,,,,,
4281770299,,40143,22600931106965,1,4014322600931106965                               001,22600931106965,22600931106965,22600-93-11-06965,R22600931106965,,,,0071011006,13E,19N,11,NW,TULSA,,TULSA,,T-1A,TULSA,,,,,,,8009,46140,,133,MULTI-FAMILY,,,RM1,RESIDENTIAL MULTI LOW DENSITY,22,,,,,,,,36.146298,-95.896255,,,,,,,,,,OK,,TULSA,,,,,,1,,5,,,,,LEISURE LANES SECOND ADD,W15 LT 5 BLK 1,LAHMEYER JACKSON,LAHMEYER,JACKSON,,,,,,,,,,,,,,,,,,14009,,,E,100TH,ST,N,,BARTLESVILLE,OK,74005,,14009 E 100TH ST N,,,,,1770,1770,,M,,,,1770,1770,,,,,,,2020,T-1A,,,,,,,,,,,,,,,0.0203,885,,,,,,,,,,,,,,,,,,,,,,,,,,,,,,,,,,,,,,,,,,,,,,,,,,,,,,,,,,2021-03-09,2020-07-01,37,,,,,,,,,,,,,
3939314826,,40143,99104910401030,1,4014399104910401030                               001,99104910401030,99104910401030,99104-91-04-01030,R99104910401030,,,,0093001014,11E,19N,4,SW,SAND SPRINGS,,TULSA,,2B,SAND SPRINGS,,,,,,,7142,46140,,500,AGRICULTURAL,,,AG,AGRICULTURAL DISTRICT,70,,,,,,,,36.151762,-96.148279,,,,,,,,,,OK,,TULSA,,,,,,,,,,,,,,E1/2 SW SEC-4-19-11,SAND SPRINGS HOME,,,,,,Y,,,,,,,,,,,CO,,,,,,,PO BOX 278,,,,SAND SPRINGS,OK,740630278,B002,PO BOX 278,,,Y,0,4073,4073,,M,342,342,,4073,4073,,,,,39.00,2020,2020,2B,,,342,,342.00,,,,,,,,,,80.0000,3484800,,,,,,,,,,,,,,,,,,,,,,,,,,,,,,,,,,,,,,,,,,,,,,,,,,,,,,,,,,2021-03-09,2020-07-01,37,2020,2020,,,,,,,,,,,
8038364143,,40143,99003900337215,1,4014399003900337215                               001,99003900337215,99003900337215,99003-90-03-37215,R99003900337215,,,,0095001037,10E,19N,3,,SAND SPRINGS,,TULSA,,2B,SAND SPRINGS,,,,,,,1065,46140,,163,SINGLE-FAMILY,,,AG,AGRICULTURAL DISTRICT,10,,,INR,,,,,36.152124,-96.238809,,,,,,,,,,OK,,TULSA,,,,,,,,,,,,,,PRT SW NE SW LYING S HWY 64 LESS W33 RD 1/25INT SEC 3 19 10 1.36AC,WALKER BARBARA LOU,WALKER,BARBARA LOU,,,,,,,,,,,,,,,,,,6339,,,S,91ST EAST,AVE,,333,TULSA,OK,741336343,C058,6339 S 91ST EAST AVE #333,,,Y,0,50,50,,M,6,6,,50,50,,,,,1.00,2020,2020,2B,,,6,,6.00,,,,,,,,,,0.0544,2370,,,,,,,,,,,,,,,,,,,,,,,,,,,,,,,,,,,,,,,,,,,,,,,,,,,,,,,,,,2021-03-09,2020-07-01,37,2020,2020,,,,,,,,,,,
6389028084,,40143,98213821304030,1,4014398213821304030                               001,98213821304030,98213821304030,98213-82-13-04030,R98213821304030,,,,0067052051,12E,18N,13,NE,JENKS,,TULSA,,T-5A,JENKS,,,,,,,7251,46140,,200,COMMERCIAL,,,IL,INDUSTRIAL LIGHT DISTRICT,20,,,,,,,,36.039329,-95.981033,,,,,,,,,,OK,,TULSA,,,,,,8,,11,,,,,,LT 11 BLK 8 RIVERSIDE AIRPORT SEC 13 18 12 .10AC,CITY OF TULSA,,,,,,Y,,,,,,,,,,,,,,175,,,E,2ND,ST,,260,TULSA,OK,741033204,C006,175 E 2ND ST #260,,,Y,0,10600,10600,,M,,,,10600,10600,,,,,,,2020,T-5A,,,,,,,,,,,,,,,0.0964,4200,,,,,,,,,,,,,,,,,,,,,,,,,,,,,,,,,,,,,,,,,,,,,,,,,,,,,,,,,,2021-03-09,2020-07-01,37,,,,,,,,,,,,,
7297677576,,40143,97308730856010,1,4014397308730856010                               001,97308730856010,97308730856010,97308-73-08-56010,R97308730856010,,,,007802,13E,17N,8,,BIXBY,,TULSA,,JK-4A,BIXBY,,,,,,,,46140,,200,COMMERCIAL BIXBY WEST,,,CS,COMMERCIAL SHOPPING CENTER DIS,20,,,,,,35.954000,-95.889000,35.959882,-95.940850,,,,,,,,,BIXBY,OK,74008,TULSA,,,,,,,,,,,,,,PRT SE SE BEG 50N & 50W SECR SE TH W282.34 N319.96 E282.34 S319.96 TO POB SEC 8 17 13 2.074ACS,E & C HOLDINGS LLC,,,,,,Y,,,,,,,,,,,,,,8620,,,S,33RD WEST,AVE,,,TULSA,OK,741323403,R007,8620 S 33RD WEST AVE,,,Y,0,23500,23500,,M,922,922,,23500,23500,,,,,118.00,2020,2020,JK-4A,,,922,,922.00,,,,,,,,,,2.0739,90341,,,,,,,,,,,,,,,,,,,,,,,,,,,,,,,,,,,,,,,,,,,,,,,,,,,,,,,,,,2021-03-09,2020-07-01,37,2020,2020,,,,,,,,,,,
1562353819,,40143,70330832704090,1,4014370330832704090                               001,70330832704090,70330832704090,70330-83-27-04090,R70330832704090,,,,0076371000,13E,18N,27,NE,JENKS,,TULSA,,T-5A,JENKS,,,,,,,7761,46140,,200,COMMERCIAL SOUTH TULSA,,,RM1,RESIDENTIAL MULTI LOW DENSITY,20,,,,,,,,36.015971,-95.905973,,,,,,,,,TULSA,OK,,TULSA,,,,,,A,,,,,,,COPPER OAKS OFFICE PARK RSB L3B1 SO TULSA BAPTIST CH EXT,RESERVE A B,101ST COPPER OAKS LLC,,,,,,Y,,,,,,,,,,,,,,10632,,,S,MEMORIAL,DR,,214,TULSA,OK,741337313,R021,10632 S MEMORIAL DR #214,,,S,0,100,100,,M,11,11,,100,100,,,,,1.00,2020,2020,T-5A,,,11,,11.00,,,,,,,,,,0.2807,12228,,,,,,,,,,,,,,,,,,,,,,,,,,,,,,,,,,,,,,,,,,,,,,,,,,,,,,,,,,2021-03-09,2020-07-01,37,2020,2020,,,,,,,,,,,
5243788666,,40143,81315842325380,1,4014381315842325380                               001,81315842325380,81315842325380,81315-84-23-25380,R81315842325380,,,,0075061037,14E,18N,23,NW,BROKEN ARROW,,TULSA,,BA-3A,BROKEN ARROW,,,,,,,0335,46140,,163,SINGLE-FAMILY,,,RM,RESIDENTIAL MULTI_TOWNHOUSE,10,,,,,,,,36.027214,-95.791102,,,,,,,,,,OK,,TULSA,,,,,,,,,,,,,SWANDA ACRES,RESERVE D,CITY OF BROKEN ARROW,,,,,,Y,,,,,,,,,,,,,,,,,,PO BOX 610,,,,BROKEN ARROW,OK,740130610,B003,PO BOX 610,,,Y,0,100,100,,M,,,,100,100,,,,,,,2020,BA-3A,,,,,,,,,,,,,,,0.0261,1139,,,,,,,,,,,,,,,,,,,,,,,,,,,,,,,,,,,,,,,,,,,,,,,,,,,,,,,,,,2021-03-09,2020-07-01,37,,,,,,,,,,,,,
7297263711,,40143,81485840301500,1,4014381485840301500                               001,81485840301500,81485840301500,81485-84-03-01500,R81485840301500,,,,0074141023,14E,18N,3,SE,BROKEN ARROW,,TULSA,,BA-3A,BROKEN ARROW,,,,,,,7804,46140,,163,SINGLE-FAMILY,,,R2,RESIDENTIAL SINGLE FAMILY-MED,10,,,,,,36.066002,-95.799128,36.065986,-95.798946,1165,,,N,FERN,AVE,,,BROKEN ARROW,OK,740121614,TULSA,C009,1165 N FERN AVE,S,Y,0,6,,7,,,,,VACATION CENTER ADD,LT 7 BLK 6,LANCASTER MAYRA,LANCASTER,MAYRA,,,,,,,,,,,,,,,,,A,25002,,,E,110TH,ST,S,,BROKEN ARROW,OK,740143836,R002,25002 E 110TH ST S,,,Y,0,27710,27710,,M,3000,3000,,27710,27710,,,,,396.00,2020,2020,BA-3A,,,3000,,3000.00,,,,,,,,,,0.2152,9373,,,,,,,,,,,,,,,,,,,,,,,,,,,,,,,,,,,,,,,,,,,,,,,,,,,,,,,,,,2021-03-09,2020-07-01,37,2020,2020,,,,,,,,,,,
8678540702,,40143,44775031907390,1,4014344775031907390                               001,44775031907390,44775031907390,44775-03-19-07390,R44775031907390,,,,0002001044,13E,20N,19,SE,TULSA,,TULSA,,T-1A,TULSA,,,,,,,9731,46140,,163,SINGLE-FAMILY,,,RS3,RESIDENTIAL SINGLE FAMILY-HIGH,10,,,INR,,,,,36.193647,-95.964717,,,,,,,,,TULSA,OK,,TULSA,,,,,,2,,13,,,,,VICTORY ADD,LT 13 BLK 2,FULBRIGHT BYRON,FULBRIGHT,BYRON,FULBRIGHT SUNDRA,FULBRIGHT,SUNDRA,,,,,,,,,,,,,,,13312,,,S,34TH,ST,,,TULSA,OK,74134,,13312 S 34TH ST,,,,,2100,2100,,M,231,231,,2100,2100,,,,,30.00,2020,2020,T-1A,,,231,,231.00,,,,,,,,,,0.1550,6750,,,,,,,,,,,,,,,,,,,,,,,,,,,,,,,,,,,,,,,,,,,,,,,,,,,,,,,,,,2021-03-09,2020-07-01,37,2020,2020,,,,,,,,,,,
2201801071,,40143,90430043014050,1,4014390430043014050                               001,90430043014050,90430043014050,90430-04-30-14050,R90430043014050,,,,005900,14E,20N,30,SW,TULSA,,TULSA,,T-1A,TULSA,,,,,,,7326,46140,,200,COMMERCIAL,,,IL,INDUSTRIAL LIGHT DISTRICT,20,,,,,,36.177200,-95.833100,36.181615,-95.862687,,,,,,,,,TULSA,OK,74116,TULSA,,,,,,1,,1,,,,,,PRT SW BEG NEC LT 1 BLK 1 WOLF POINT INDUSTRIAL PARKWAY WEST TH NE363.23 NE ON CRV231.45 N926.07 NWLY362.71 TO RR R/W TH SW164 SE355.85 S917.57 TH ON CRV170.86 SW426.7 E175.85 POB SEC 30 20 14 7.1ACS,CITY OF TULSA,,,,,,Y,,,,,,,,,,,,,,175,,,E,2ND,ST,,260,TULSA,OK,741033204,C006,175 E 2ND ST #260,,,Y,0,100,100,,M,,,,100,100,,,,,,,2020,T-1A,,,,,,,,,,,,,,,7.1000,309276,,,,,,,,,,,,,,,,,,,,,,,,,,,,,,,,,,,,,,,,,,,,,,,,,,,,,,,,,,2021-03-09,2020-07-01,37,,,,,,,,,,,,,
4197246478,,40143,30950033314830,1,4014330950033314830                               001,30950033314830,30950033314830,30950-03-33-14830,R30950033314830,,,,0015001011,13E,20N,33,,TULSA,,TULSA,,T-1A,TULSA,,,,,,,7136,46140,,200,COMMERCIAL,,,RM2,RESIDENTIAL MULTI MEDIUM DENSI,20,,,,,,,,36.170842,-95.938633,,,,,,,,,,OK,,TULSA,,,,,,,,5,,,,,OZARK GARDEN FARMS,N25 & S5 LT 5,CITY OF TULSA,,,,,,Y,,,,,,,,,,,,,,175,,,E,2ND,ST,,260,TULSA,OK,741033204,C006,175 E 2ND ST #260,,,Y,0,100,100,,M,,,,100,100,,,,,,,2020,T-1A,,,,,,,,,,,,,,,0.2230,9712,,,,,,,,,,,,,,,,,,,,,,,,,,,,,,,,,,,,,,,,,,,,,,,,,,,,,,,,,,2021-03-09,2020-07-01,37,,,,,,,,,,,,,
1001928288,,40143,82273740155320,1,4014382273740155320                               001,82273740155320,82273740155320,82273-74-01-55320,R82273740155320,,,,007522,14E,17N,1,,BROKEN ARROW,,,,BA-3A,BROKEN ARROW,,,,,,,,46140,,163,SINGLE-FAMILY,,,,,10,,,,,,35.994100,-95.812300,35.974732,-95.764578,2108,,,E,IMPERIAL,CT,S,,BROKEN ARROW,OK,74011,TULSA,,2108 E IMPERIAL CT S,S,,,1,,13,,,,,WOODS/JASPER ESTATES,LOT 13 BLOCK 1,SMITH SCOTT,SMITH,SCOTT,SMITH SHARLA,SMITH,SHARLA,,,,,,,,,,,,RT,,A,11710,,,E,132ND,ST,S,,BROKEN ARROW,OK,740113102,R018,11710 E 132ND ST S,,,Y,0,15000,15000,,M,1650,1650,,15000,15000,,,,,218.00,2020,2020,BA-3A,,,1650,,1650.00,,,,,,,,,,0.5165,22500,,,,,,,,,,,,,,,,,,,,,,,,,,,,,,,,,,,,,,,,,,,,,,,,,,,,,,,,,,2021-03-09,2020-07-01,37,2020,2020,,,,,,,,,,,
4495087601,,40143,44675920806340,1,4014344675920806340                               001,44675920806340,44675920806340,44675-92-08-06340,R44675920806340,,,,0088001019,12E,19N,8,NE,TULSA,,TULSA,,T-1A,TULSA,,,,,,,7240,46140,,200,ARCHER&PEORIA-CHASPAGE-AVERY D,,,RM2,RESIDENTIAL MULTI MEDIUM DENSI,20,,,INR,,,36.144634,-96.055722,36.144800,-96.055999,5619,,,W,11TH,ST,,,TULSA,OK,74127,TULSA,C092,5619 W 11TH ST,S,N,,9,,7,,,,,VERN SUB AMD,S/2 LT 7 BLK 9,CITY OF TULSA,,,,,,Y,,,,,,,,,,,,,A,175,,,E,2ND,ST,,260,TULSA,OK,741033204,C006,175 E 2ND ST #260,,,Y,0,15500,15500,,M,,,,15500,15500,,,,,,,2020,T-1A,,,,,,,,,,,,,,,0.4864,21187,,,,,,,,,,,,,,,,,,,,,,,,,,,,,,,,,,,,,,,,,,,,,,,,,,,,,,,,,,2021-03-09,2020-07-01,37,,,,,,,,,,,,,
6990057636,,40143,78341740343210,1,4014378341740343210                               001,78341740343210,78341740343210,78341-74-03-43210,R78341740343210,,,,0075152,14E,17N,3,,BROKEN ARROW,,,,BA-3A,BROKEN ARROW,,,,,,,,46140,,163,SINGLE-FAMILY,,,,,10,,,,,,35.974900,-95.782300,35.975930,-95.813945,2012,,,W,HUNTSVILLE,PL,,,BROKEN ARROW,OK,740112906,TULSA,R021,2012 W HUNTSVILLE PL,S,Y,0,2,,2,,,,,ASPEN XING I,LOT 2 BLOCK 2,LAWS KIMBERLY K & VERNEL T,LAWS,KIMBERLY K,,LAWS,VERNEL T,,,,,,,,,,,,JT,HW,O,2012,,,W,HUNTSVILLE,PL,,,BROKEN ARROW,OK,740112906,R021,2012 W HUNTSVILLE PL,,,Y,0,10251,10251,,M,1128,1128,,10251,10251,,,,,149.00,2020,2020,BA-3A,,,1128,,1128.00,,,,,,,,,,0.1915,8341,,,,,,,,,,,,,,,,,,,,,,,,,,,,,,,,,,,,,,,,,,,,,,,,,,,,,,,,,,2021-03-09,2020-07-01,37,2020,2020,,,,,,,,,,,
8751418749,,40143,57675732402240,1,4014357675732402240                               001,57675732402240,57675732402240,57675-73-24-02240,R57675732402240,,,,007802,13E,17N,24,SW,BIXBY,,TULSA,,BI-4A,BIXBY,,,,,,,7858,46140,,200,COMMERCIAL BIXBY CBD,,,CS,COMMERCIAL SHOPPING CENTER DIS,20,,,IYM,,,35.954000,-95.889000,35.936327,-95.885880,,,,,,,,,BIXBY,OK,74008,TULSA,,,,,,1,,18,,,,,DEVINE-ELLARD ADD,LT 18 LESS BEG SECR THEREOF TH W62.50 N14.27 E62.50 S14.17 POB BLK 1,RKB PROPERTIES LLC,,,,,,Y,,,,,,,,,,,,,,,,,,PO BOX 994,,,,BIXBY,OK,740080994,B004,PO BOX 994,,,Y,0,22300,22300,,M,2453,2453,,22300,22300,,,,,324.00,2020,2020,BI-4A,,,2453,,2453.00,,,,,,,,,,0.1805,7863,,,,,,,,,,,,,,,,,,,,,,,,,,,,,,,,,,,,,,,,,,,,,,,,,,,,,,,SPU,,WPU,2021-03-09,2020-07-01,37,2020,2020,,,,,,,,,,,
1404118803,,40143,90331033117440,1,4014390331033117440                               001,90331033117440,90331033117440,90331-03-31-17440,R90331033117440,,,,0013001010,13E,20N,31,NE,TULSA,,TULSA,,T-1A,TULSA,,,,,,,7316,46140,,200,COMMERCIAL,,,CS,COMMERCIAL SHOPPING CENTER DIS,20,,,IYB,,,36.176907,-95.966569,36.176794,-95.966498,1714,,,E,PINE,ST,,,TULSA,OK,74110,TULSA,C025,1714 E PINE ST,S,N,,,,,,,,,,W50 E155 OF N/2 NW NW NW NE LESS N25 FOR ST SEC 31 20 13 .16AC,MORDHORST STUART,MORDHORST,STUART,,,,,,,,,,,,,,,TR,,,,,,,PO BOX 4335,,,,TULSA,OK,741590335,B002,PO BOX 4335,,,Y,0,7000,7000,,M,770,770,,7000,7000,,,,,100.00,2020,2020,T-1A,,,770,,770.00,,,,,,,,,,0.1607,7000,,,,,,,,,,,,,,,,,,,,,,,,,,,,,,,,,,,,,,,,,,,,,,,,,,,,,,,SPU,,WPU,2021-03-09,2020-07-01,37,2020,2020,,,,,,,,,,,
8918050464,,40143,07350920102500,1,4014307350920102500                               001,07350920102500,07350920102500,07350-92-01-02500,R07350920102500,,,,0023011055,12E,19N,1,SE,TULSA,,TULSA,,T-1A,TULSA,,,,,,,0633,46140,,200,COMMERCIAL,,,CH,HIGH DENSITY COMMERCIAL DISTRI,20,,,,,,36.153893,-95.976692,36.154033,-95.976995,1207,,,E,5TH,PL,,,TULSA,OK,74120,TULSA,C035,1207 E 5TH PL,S,N,,8,,11,,,,,CENTRAL PARK PLACE,LT 11 BLK 8,INDIAN HEALTH CARE RESOURCE CENTER OF TULSA INC,,,,,,Y,,,,,,,,,,,CO,,A,550,,,S,PEORIA,AVE,,,TULSA,OK,741203820,C035,550 S PEORIA AVE,,,Y,0,28000,28000,,M,,,,28000,28000,,,,,,,2020,T-1A,,,,,,,,,,,,,,,0.1607,7000,,,,,,,,,,,,,,,,,,,,,,,,,,,,,,,,,,,,,,,,,,,,,,,,,,,,,,,,,,2021-03-09,2020-07-01,37,,,,,,,,,,,,,
2561227032,,40143,79200841403890,1,4014379200841403890                               001,79200841403890,79200841403890,79200-84-14-03890,R79200841403890,,,,0075031004,14E,18N,14,NW,BROKEN ARROW,,TULSA,,BA-3A,BROKEN ARROW,,,,,,,7800,46140,,255,COMMERCIAL,,,R3,RESIDENTIAL SINGLE FAMILY-HIGH,31,1,,,,,36.046211,-95.790981,36.046149,-95.791410,704,,,S,MAIN,ST,,,BROKEN ARROW,OK,740125527,TULSA,C004,704 S MAIN ST,S,Y,0,4,,3,,,,,FEARS ADD,LTS 3 4 BLK 4,WOLFVOICE MICHELLE BOUDINOT,WOLFVOICE,MICHELLE BOUDINOT,,,,,,,,,,,,,,,,,O,704,,,S,MAIN,ST,,,BROKEN ARROW,OK,740125527,C004,704 S MAIN ST,,,Y,0,90864,84000,6864,M,,,,90864,84000,6864,,,,,,2020,BA-3A,,,,,,,,,,,,,,,0.3214,14000,,2012,,,,,,,,,,,,,,,CP0,,AVE,,,,,,,,,,,,,,,,,,,,,,,,,,,,,,,,,,,,,,,2021-03-09,2020-07-01,37,,,,,,,,,,,,,
9315651059,,40143,83652840417110,1,4014383652840417110                               001,83652840417110,83652840417110,83652-84-04-17110,R83652840417110,,,,0074141019,14E,18N,4,,UNION,,,,BA-9A,UNION,,,,,,,,46140,,133,MULTI-FAMILY,,,IL,INDUSTRIAL LIGHT DISTRICT,22,,,,,,36.066874,-95.809377,36.065949,-95.821765,1416,,,W,PRINCETON,CT,,,BROKEN ARROW,OK,74012,TULSA,C024,1416 W PRINCETON CT,S,N,,1,,14,,,,,KENOSHA VILLAS,LOT 14 BLOCK 1,RESCO ENTERPRISES LLC,,,,,,Y,,,,,,,,,,,,,,,,,,PO BOX 882,,,,JENKS,OK,740370882,B005,PO BOX 882,,,Y,0,17943,17943,,M,1974,1974,,17943,17943,,,,,259.00,2020,2020,BA-9A,,,1974,,1974.00,,,,,,,,,,0.1894,8250,,,,,,,,,,,,,,,,,,,,,,,,,,,,,,,,,,,,,,,,,,,,,,,,,,,,,,,,,,2021-03-09,2020-07-01,37,2020,2020,,,,,,,,,,,
7003648231,,40143,84953721450360,1,4014384953721450360                               001,84953721450360,84953721450360,84953-72-14-50360,R84953721450360,,,,007702,12E,17N,14,,GLENPOOL,,,,GL-13A,GLENPOOL,,,,,,,,46140,,481,RESERVES & UNBUILDABLE LOTS,,,CG,COMMERCIAL GENERAL DISTRICT,80,,,,,,35.953100,-96.004100,35.946869,-96.007098,,,,S,BROADWAY,ST,,,GLENPOOL,OK,74033,TULSA,,S BROADWAY ST,S,,,,,,,,,,,RESERVE B,MOAB HOLDINGS GLENPOOL LLC,,,,,,Y,,,,,,,,,,,,,,9924,,,S,JAMESTOWN,AVE,,,TULSA,OK,741375241,R046,9924 S JAMESTOWN AVE,,,Y,0,200,200,,M,22,22,,200,200,,,,,3.00,2020,2020,GL-13A,,,22,,22.00,,,,,,,,,,3.0713,133788,,,,,,,,,,,,,,,,,,,,,,,,,,,,,,,,,,,,,,,,,,,,,,,,,,,,,,,,,,2021-03-09,2020-07-01,37,2020,2020,,,,,,,,,,,
8959268739,,40143,18550930512290,1,4014318550930512290                               001,18550930512290,18550930512290,18550-93-05-12290,R18550930512290,,,,003500,13E,19N,5,SW,TULSA,,TULSA,,T-1A,TULSA,,,,,,,5024,46140,,200,COMMERCIAL,,,RM2,RESIDENTIAL MULTI MEDIUM DENSI,20,,,,,,36.146100,-95.955000,36.148505,-95.957602,,,,E,10TH,ST,,,TULSA,OK,74104,TULSA,,E 10TH ST,S,,,4,,2,,,,,HIGHLANDS ADD,E. 331/3 LT 2 BLK 4,2415 E 11TH LLC,,,,,,Y,,,,,,,,,,,,,,1910,,,,MADISON,AVE,,,MEMPHIS,TN,381042620,C031,1910 MADISON AVE,,,Y,0,25000,25000,,M,2750,2750,,25000,25000,,,,,358.00,2020,2020,T-1A,,,2750,,2750.00,,,,,,,,,,0.1148,5000,,,,,,,,,,,,,,,,,,,,,,,,,,,,,,,,,,,,,,,,,,,,,,,,,,,,,,,,,,2021-03-09,2020-07-01,37,2020,2020,,,,,,,,,,,
3150328045,,40143,99132913214010,1,4014399132913214010                               001,99132913214010,99132913214010,99132-91-32-14010,R99132913214010,,,,0094021056,11E,19N,32,,SAND SPRINGS,,TULSA,,2B,SAND SPRINGS,,,,,,,9062,46140,,163,SINGLE-FAMILY,,,AG,AGRICULTURAL DISTRICT,10,,,,,,36.089495,-96.166856,36.089357,-96.164927,5109,,,S,155TH WEST,AVE,,,SAND SPRINGS,OK,740633657,TULSA,R006,5109 S 155TH WEST AVE,S,Y,0,,,,,,,,,PRT NE NW BEG 1317.07E & 448.44N SWC NE NW TH W268.53 NW209.94 W0.53 NW203.04 W30 NW205.84 W548 NW274.35 E1014.21 S874.49 POB SEC 32 19 11 10.485 ACS,GARRISON LACY N & ANDREW D,GARRISON,LACY N,,GARRISON,ANDREW D,,,,,,,,,,,,JT,,O,5109,,,S,155TH WEST,AVE,,,SAND SPRINGS,OK,740633657,R006,5109 S 155TH WEST AVE,,,Y,0,50000,50000,,M,5500,5500,,50000,50000,,,,,634.00,2020,2020,2B,,,5500,,5500.00,,,,,,,,,,10.4846,456707,,,,,,,,,,,,,,,,,,,,,,,,,,,,,,,,,,,,,,,,,,,,,,,,,,,,,,,,,,2021-03-09,2020-07-01,37,2020,2020,,,,,,,,,,,
9337623941,,40143,52165031218680,1,4014352165031218680                               001,52165031218680,52165031218680,52165-03-12-18680,R52165031218680,,,,005808,13E,20N,12,SE,TULSA,,TULSA,,T-1A,TULSA,,,,,,,9731,46140,,200,COMMERCIAL,,,IL,INDUSTRIAL LIGHT DISTRICT,20,,,,,,36.242500,-95.903300,36.221751,-95.874624,,,,,,,,,TULSA,OK,74117,TULSA,,,,,,1,,1,,,,,A N G ADD,LT 1 BLK 1,CITY OF TULSA,,,,,,Y,,,,,,,,,,,,,,175,,,E,2ND,ST,,260,TULSA,OK,741033204,C006,175 E 2ND ST #260,,,Y,0,332300,332300,,M,,,,332300,332300,,,,,,,2020,T-1A,,,,,,,,,,,,,,,10.1721,443098,,,,,,,,,,,,,,,,,,,,,,,,,,,,,,,,,,,,,,,,,,,,,,,,,,,,,,,,,,2021-03-09,2020-07-01,37,,,,,,,,,,,,,
9933879678,,40143,56410233415860,1,4014356410233415860                               001,56410233415860,56410233415860,56410-23-34-15860,R56410233415860,,,,0054011,13E,22N,34,,COLLINSVILLE,,TULSA,,6B,COLLINSVILLE,,,,,,,9100,46140,,163,SINGLE-FAMILY,,,RE,RESIDENTIAL SINGLE FAMILY DIST,10,,,,,,36.350400,-95.911000,36.350189,-95.909364,5902,,,E,135TH,PL,N,,COLLINSVILLE,OK,74021,TULSA,R004,5902 E 135TH PL N,S,N,,6,,1,,,,,STONE LAKE PH I,LOT 1 BLOCK 6,CHRISTIAN JIMMY D,CHRISTIAN,JIMMY D,,,,,,,,,,,,,,,,MA,A,13537,,,N,58TH EAST,PL,,,COLLINSVILLE,OK,740213684,R004,13537 N 58TH EAST PL,,,Y,0,29000,29000,,M,3190,3190,,29000,29000,,,,,369.00,2020,2020,6B,,,3190,,3190.00,,,,,,,,,,0.5203,22666,,,,,,,,,,,,,,,,,,,,,,,,,,,,,,,,,,,,,,,,,,,,,,,,,,,,,,,,,,2021-03-09,2020-07-01,37,2020,2020,,,,,,,,,,,
2966177024,,40143,98330833047840,1,4014398330833047840                               001,98330833047840,98330833047840,98330-83-30-47840,R98330833047840,,,,006707,13E,18N,30,,JENKS,,TULSA,,JK-5A,JENKS,,,,,,,9020,46140,,200,COMMERCIAL JENKS,,,AG,AGRICULTURAL DISTRICT,20,,,,,,36.007100,-95.985400,36.005650,-95.958508,,,,,,,,,JENKS,OK,74037,TULSA,,,,,,,,,,,,,,PRT SE BEG 284.5N SECR SE TH NW380.3 NW471 NE175.9 NE228 NE347.92 S1250.15 POB SEC 30 18 13 6.98AC,RIVER DISTRICT DEV GROUP LLC,,,,,,Y,,,,,,,,,,,CO,,,10907,,,S,NEW HAVEN,AVE,,,TULSA,OK,741376403,R002,10907 S NEW HAVEN AVE,,,Y,0,1200,1200,,M,132,132,,1200,1200,,,,,17.00,2020,2020,JK-5A,,,132,,132.00,,,,,,,,,,6.9800,304049,,,,,,,,,,,,,,,,,,,,,,,,,,,,,,,,,,,,,,,,,,,,,,,,,,,,,,,,,,2021-03-09,2020-07-01,37,2020,2020,,,,,,,,,,,
8034271513,,40143,62100910202340,1,4014362100910202340                               001,62100910202340,62100910202340,62100-91-02-02340,R62100910202340,,,,0093001005,11E,19N,2,,SAND SPRINGS,,TULSA,,SS-2A,SAND SPRINGS,,,,,,,7904,46140,,163,SINGLE-FAMILY,,,RS3,RESIDENTIAL SINGLE FAMILY-HIGH,10,,,INR,,,36.151185,-96.117860,36.151449,-96.117942,1128,,,N,FRANKLIN,AVE,,,SAND SPRINGS,OK,740636912,TULSA,C007,1128 N FRANKLIN AVE,S,Y,0,33,,2,,,,,OAK RIDGE SECOND ADD,N30 LT 2 BLK 33,DEARMAN JAMES S,DEARMAN,JAMES S,DEARMAN JUDITH F,DEARMAN,JUDITH F,,,,,,,,,,,,,,O,1128,,,N,FRANKLIN,AVE,,,SAND SPRINGS,OK,740636912,C007,1128 N FRANKLIN AVE,,,Y,0,1020,1020,,M,112,112,,1020,1020,,,,,15.00,2020,2020,SS-2A,,,112,,112.00,,,,,,,,,,0.0895,3900,,,,,,,,,,,,,,,,,,,,,,,,,,,,,,,,,,,,,,,,,,,,,,,,,,,,,,,,,,2021-03-09,2020-07-01,37,2020,2020,,,,,,,,,,,
8472438241,,40143,54140030607050,1,4014354140030607050                               001,54140030607050,54140030607050,54140-03-06-07050,R54140030607050,,,,0091042026,13E,20N,6,NE,TULSA,,TULSA,,1B,TULSA,,,,,,,7136,46140,,163,SINGLE-FAMILY,,,RMH,RESIDENTIAL MOBILE HOME PARK,10,,,,,,36.245900,-95.961072,36.245936,-95.961200,6236,,,N,YORKTOWN,AVE,,,TULSA,OK,74130,TULSA,C051,6236 N YORKTOWN AVE,S,N,,1,,3,,,,,SCOTTSDALE ADD,LT 3 BLK 1,ADVANTAGE APP,,,,,,Y,,,,,,,,,,,,,A,4219,,,,WHIPPOORWILL,CIR,,,LAS VEGAS,NV,891215251,C081,4219 WHIPPOORWILL CIR,,,Y,0,4100,4100,,M,451,451,,4100,4100,,,,,51.00,2020,2020,1B,,,451,,451.00,,,,,,,,,,0.1651,7193,,,,,,,,,,,,,,,,,,,,,,,,,,,,,,,,,,,,,,,,,,,,,,,,,,,,,,,,,,2021-03-09,2020-07-01,37,2020,2020,,,,,,,,,,,
8750043355,,40143,79550841405290,1,4014379550841405290                               001,79550841405290,79550841405290,79550-84-14-05290,R79550841405290,,,,0075031014,14E,18N,14,NW,BROKEN ARROW,,TULSA,,BA-3A,BROKEN ARROW,,,,,,,0393,46140,,163,SINGLE-FAMILY,,,R3,RESIDENTIAL SINGLE FAMILY-HIGH,10,,,,,,36.042140,-95.794333,36.041930,-95.794474,305,,,W,MEMPHIS,ST,,,BROKEN ARROW,OK,74012,TULSA,C004,305 W MEMPHIS ST,S,N,,1,,14,,,,,HOME GARDENS SECOND ADD - BROKEN ARROW,LT 14,EVANS BERTHA MAY,EVANS,BERTHA MAY,,,,,,,,,,,,,,,,,A,19385,,,E,89TH,ST,S,,BROKEN ARROW,OK,740146502,R011,19385 E 89TH ST S,VERDA SISNEY,,Y,0,19954,19954,,M,2088,2088,,19954,19954,,,,,275.00,2020,2020,BA-3A,,,2088,,2088.00,,,,,,,,,,0.2342,10200,,,,,,,,,,,,,,,,,,,,,,,,,,,,,,,,,,,,,,,,,,,,,,,,,,,,,,,,,,2021-03-09,2020-07-01,37,2020,2020,,,,,,,,,,,
8056976841,,40143,03325920100710,1,4014303325920100710                               001,03325920100710,03325920100710,03325-92-01-00710,R03325920100710,,,,0023011022,12E,19N,1,NE,TULSA,,TULSA,,T-1A,TULSA,,,,,,,9731,46140,,200,COMMERCIAL,,,IM,INDUSTRIAL MODERATE DISTRICT,20,,,IYC,,,36.157557,-95.977115,36.157570,-95.977108,1204,,,E,2ND,ST,,,TULSA,OK,74120,TULSA,C028,1204 E 2ND ST,S,N,,17,,16,,,,,BERRY ADD,N.90 LTS 16 TO 18 INCL. BLK 17,HADDAD ENTERPRISES INC,,,,,,Y,,,,,,,,,,,CO,,A,4125,,,S,NORFOLK,AVE,,,TULSA,OK,74105,C033,4125 S NORFOLK AVE,,,N,,27000,27000,,M,2970,2970,,27000,27000,,,,,387.00,2020,2020,T-1A,,,2970,,2970.00,,,,,,,,,,0.1550,6750,,,,,,,,,,,,,,,,,,,,,,,,,,,,,,,,,,,,,,,,,,,,,,,,,,,,,,,SPU,,WPU,2021-03-09,2020-07-01,37,2020,2020,,,,,,,,,,,
2616964155,,40143,60821822431848,1,4014360821822431848                               001,60821822431848,60821822431848,60821-82-24-31848,R60821822431848,,,,006707,12E,18N,24,,JENKS,,,,JK-5A,JENKS,,,,,,,,46140,,,,,,CS,COMMERCIAL SHOPPING CENTER DIS,,,,,,,36.007100,-95.985400,36.022489,-95.976731,,,,W,MAIN,ST,,,JENKS,OK,74037,TULSA,,W MAIN ST,S,,,1,,1,,,,,RIVER OAKS PLAZA,PRT LT 1 BEG 798.34S & 180W NEC SE TH S15 W161.43 N15 E161.47 TO POB BLK 1,CITY OF JENKS,,,,,,Y,,,,,,,,,,,,,,,,,,PO BOX 2007,,,,JENKS,OK,740372007,B004,PO BOX 2007,,,Y,0,100,100,,M,,,,100,100,,,,,,,2020,JK-5A,,,,,,,,,,,,,,,0.0556,2422,,,,,,,,,,,,,,,,,,,,,,,,,,,,,,,,,,,,,,,,,,,,,,,,,,,,,,,,,,2021-03-09,2020-07-01,37,,,,,,,,,,,,,
9410329924,,40143,74172821451600,1,4014374172821451600                               001,74172821451600,74172821451600,74172-82-14-51600,R74172821451600,,,,0067052,12E,18N,14,,JENKS,,,,T-5A,JENKS,,,,,,,,46140,,163,SINGLE-FAMILY,,,RS4,RESIDENTIAL SINGLE FAMILY HIGH,10,,,,,,36.053600,-96.004500,36.037763,-96.005257,8706,,,S,OLYMPIA,AVE,,,TULSA,OK,741321887,TULSA,R033,8706 S OLYMPIA AVE,S,Y,0,4,,18,,,,,WINCHESTER PARK,LOT 18 BLOCK 4,LEDDY AARON D,LEDDY,AARON D,LEDDY NATALIE DAWN,LEDDY,NATALIE DAWN,,,,,,,,,,,,,,O,8706,,,S,OLYMPIA,AVE,,,TULSA,OK,741321887,R033,8706 S OLYMPIA AVE,,,Y,0,17441,17441,,M,1919,1919,,17441,17441,,,,,261.00,2020,2020,T-5A,,,1919,,1919.00,,,,,,,,,,0.1791,7800,,,,,,,,,,,,,,,,,,,,,,,,,,,,,,,,,,,,,,,,,,,,,,,,,,,,,,,,,,2021-03-09,2020-07-01,37,2020,2020,,,,,,,,,,,
1033220206,,40143,33375033511780,1,4014333375033511780                               001,33375033511780,33375033511780,33375-03-35-11780,R33375033511780,,,,000100,13E,20N,35,,TULSA,,,,T-1A,TULSA,,,,,,,,46140,,200,COMMERCIAL,,,IL,INDUSTRIAL LIGHT DISTRICT,20,,,,,,36.179900,-95.908600,36.164850,-95.902611,,,,E,EASTON,ST,,,TULSA,OK,74115,TULSA,,E EASTON ST,S,,,1,,10,,,,,,PRT LTS 10 - 14 BEG 429.08E SWC LT 14 TH N500 E178.25 S500 W179.42 POB,NAIK JATINKUMAR N,NAIK,JATINKUMAR N,,,,,,,,,,,,,,,,,,2816,,,W,OAKLAND,ST,,,BROKEN ARROW,OK,740129559,R045,2816 W OAKLAND ST,,,Y,0,105700,105700,,M,11627,11627,,105700,105700,,,,,1515.00,2020,2020,T-1A,,,11627,,11627.00,,,,,,,,,,2.0527,89417,,,,,,,,,,,,,,,,,,,,,,,,,,,,,,,,,,,,,,,,,,,,,,,,,,,,,,,,,,2021-03-09,2020-07-01,37,2020,2020,,,,,,,,,,,
1027725622,,40143,57626731259920,1,4014357626731259920                               001,57626731259920,57626731259920,57626-73-12-59920,R57626731259920,,,,0076241001,13E,17N,12,,BIXBY,,,,BI-4A,BIXBY,,,,,,,,46140,,163,SINGLE-FAMILY,,,RM2,RESIDENTIAL MULTI MEDIUM DENSI,10,,,,,,35.973903,-95.871392,35.972099,-95.871172,9433,,,E,131ST,PL,S,,BIXBY,OK,740084321,TULSA,R002,9433 E 131ST PL S,S,Y,0,6,,13,,,,,BUNGALOWS/WILLOW CRK,LOT 13 BLOCK 6,REPLOGLE BRENDA,REPLOGLE,BRENDA,,,,,,,,,,,,,,,,SI,O,9433,,,E,131ST,PL,S,,BIXBY,OK,740084321,R002,9433 E 131ST PL S,,,Y,0,7933,7933,,M,873,873,,7933,7933,,,,,115.00,2020,2020,BI-4A,,,873,,873.00,,,,,,,,,,0.1722,7503,,,,,,,,,,,,,,,,,,,,,,,,,,,,,,,,,,,,,,,,,,,,,,,,,,,,,,,,,,2021-03-09,2020-07-01,37,2020,2020,,,,,,,,,,,
4405727989,,40143,35500921105440,1,4014335500921105440                               001,35500921105440,35500921105440,35500-92-11-05440,R35500921105440,,,,004700,12E,19N,11,SW,TULSA,,TULSA,,T-1A,TULSA,,,,,,,9731,46140,,200,ARCHER&PEORIA-CHASPAGE-AVERY D,,,RS3,RESIDENTIAL SINGLE FAMILY-HIGH,20,,,,,,36.101800,-96.031300,36.135933,-96.008355,,,,,,,,,TULSA,OK,74107,TULSA,,,,,,2,,16,,,,,RIVERSIDE ADD,NW TRI OF LOT 16 LESS SE TRI OF LOT 17 BLK 2,TULSA SAPULPA,TULSA,SAPULPA,UNION RAILWAY CO,,,,Y,,,,,,,,,,,,,701,,,E,DEWEY,AVE,,,SAPULPA,OK,740664427,C006,701 E DEWEY AVE,,,Y,0,100,100,,M,,,,100,100,,,,,,,2020,T-1A,,,,,,,,,,,,,,,0.0631,2750,,,,,,,,,,,,,,,,,,,,,,,,,,,,,,,,,,,,,,,,,,,,,,,,,,,,,,,,,,2021-03-09,2020-07-01,37,,,,,,,,,,,,,
2690583310,,40143,30736931833730,1,4014330736931833730                               001,30736931833730,30736931833730,30736-93-18-33730,R30736931833730,,,,004200,13E,19N,18,NE,TULSA,,TULSA,,T-1A,TULSA,,,,,,,7021,46140,,481,RESERVES & UNBUILDABLE LOTS,,,RM1,RESIDENTIAL MULTI LOW DENSITY,80,,,,,,36.127200,-95.946900,36.130306,-95.966952,,,,S,UTICA,AVE,,,TULSA,OK,74114,TULSA,,S UTICA AVE,S,,,A-3,,,,,,,ONE UTICA PLACE,RESERVE A-3,UTICA PLACE LLC,,,,,,Y,,,,,,,,,,,,,,2100,,,S,UTICA,AVE,,,TULSA,OK,741141445,C004,2100 S UTICA AVE,,,D,0,200,200,,M,22,22,,200,200,,,,,3.00,2020,2020,T-1A,,,22,,22.00,,,,,,,,,,0.0363,1582,,,,,,,,,,,,,,,,,,,,,,,,,,,,,,,,,,,,,,,,,,,,,,,,,,,,,,,,,,2021-03-09,2020-07-01,37,2020,2020,,,,,,,,,,,
3925894500,,40143,86750912536750,1,4014386750912536750                               001,86750912536750,86750912536750,86750-91-25-36750,R86750912536750,,,,0092001,11E,19N,25,,BERRYHILL,,,,SS-10A,BERRYHILL,,,,,,,,46140,,163,SINGLE-FAMILY,,,RE,RESIDENTIAL SINGLE FAMILY DIST,10,,,,,,36.147400,-96.085600,36.099417,-96.085023,4520,,,S,IVY,AVE,,,SAND SPRINGS,OK,740638713,TULSA,R010,4520 S IVY AVE,S,Y,0,4,,7,,,,,TEAL RDG,LOT 7 BLOCK 4,GIBSON & POWELL INVESTMENTS LLC,,,,,,Y,,,,,,,,,,,,,A,1236,,,S,LEWIS,AVE,,,TULSA,OK,741044211,C002,1236 S LEWIS AVE,,,Y,0,7020,7020,,M,772,772,,7020,7020,,,,,96.00,2020,2020,SS-10A,,,772,,772.00,,,,,,,,,,0.5028,21900,,,,,,,,,,,,,,,,,,,,,,,,,,,,,,,,,,,,,,,,,,,,,,,,,,,,,,,,,,2021-03-09,2020-07-01,37,2020,2020,,,,,,,,,,,
2494573799,,40143,84860721138830,1,4014384860721138830                               001,84860721138830,84860721138830,84860-72-11-38830,R84860721138830,,,,0077012050,12E,17N,11,SE,GLENPOOL,,TULSA,,GL-13A,GLENPOOL,,,,,,,1237,46140,,163,SINGLE-FAMILY,,,RS3,RESIDENTIAL SINGLE FAMILY-HIGH,10,,,INR,,,35.964305,-96.001890,35.964631,-96.001974,13736,,,S,GLEN,ST,,,GLENPOOL,OK,740332815,TULSA,R001,13736 S GLEN ST,S,Y,0,2,,14,,,,,APPALOOSA ACRES THIRD,LT 14 BLK 2,REEVES TYLER R,REEVES,TYLER R,REEVES ANNETTE,REEVES,ANNETTE,,,,,,,,,,,,,,O,13736,,,S,GLEN,ST,,,GLENPOOL,OK,740332815,R001,13736 S GLEN ST,,,Y,0,17870,17870,,M,1964,1964,,17870,17870,,,,,232.00,2020,2020,GL-13A,,,1964,,1964.00,,,,,,,,,,0.3747,16320,,,,,,,,,,,,,,,,,,,,,,,,,,,,,,,,,,,,,,,,,,,,,,,,,,,,,,,,,,2021-03-09,2020-07-01,37,2020,2020,,,,,,,,,,,
9158768532,,40143,31750920408580,1,4014331750920408580                               001,31750920408580,31750920408580,31750-92-04-08580,R31750920408580,,,,0030001016,12E,19N,4,SE,TULSA,,TULSA,,T-1A,TULSA,,,,,,,0772,46140,,163,SINGLE-FAMILY,,,RS3,RESIDENTIAL SINGLE FAMILY-HIGH,10,,,,,,36.150505,-96.034546,36.150582,-96.034637,428,,,S,37TH WEST,AVE,,,TULSA,OK,741278208,TULSA,C080,428 S 37TH WEST AVE,S,Y,1,11,,8,,,,,PARK VIEW PLACE,LT-8-BLK-11,GORROCHOTEGUI NOE,GORROCHOTEGUI,NOE,,,,,,,,,,,,,,,,,A,9524,,,E,81ST,ST,,1544,TULSA,OK,741338032,R025,9524 E 81ST ST #1544,,,S,0,5000,5000,,M,550,550,,5000,5000,,,,,72.00,2020,2020,T-1A,,,550,,550.00,,,,,,,,,,0.1561,6800,,,,,,,,,,,,,,,,,,,,,,,,,,,,,,,,,,,,,,,,,,,,,,,,,,,,,,,,,,2021-03-09,2020-07-01,37,2020,2020,,,,,,,,,,,
5493326972,,40143,21525921206150,1,4014321525921206150                               001,21525921206150,21525921206150,21525-92-12-06150,R21525921206150,,,,0025001028,12E,19N,12,NW,TULSA,,TULSA,,T-1A,TULSA,,,,,,,7225,46140,,255,CBD IDL,,,CBD,CENTRAL BUSINESS DISTRICT,31,1,,IYC,,,36.145312,-95.989763,36.145094,-95.989856,1126,,,S,CHEYENNE,AVE,,,TULSA,OK,74119,TULSA,,1126 S CHEYENNE AVE,S,,,2,,6,,,,,KIRKWOOD PLACE ADD,S1.5 LT 6 & LT 7 & E/2 VAC ALLEY ADJ ON W LESS BEG SECR TH W4 NE10.77 S10 POB BLK 2,PSO CO OKLAHOMA,,,,,,Y,,,,,,,,,,,,,,,,,,PO BOX 201,,,,TULSA,OK,741020201,B050,PO BOX 201,,,Y,0,99940,69840,30100,M,,,,99940,69840,30100,,,,,,2020,T-1A,,,,,,,,,,,,,,,0.1603,6984,,1980,,,,,,,,,,,,,,,CP0,,AVE,,,,,,,,,,,,,,,,,,,1.00,,,,,,,,,,,,,,,,,SPU,,WPU,2021-03-09,2020-07-01,37,,,,,,,,,,,,,
9569042385,,40143,57954730241530,1,4014357954730241530                               001,57954730241530,57954730241530,57954-73-02-41530,R57954730241530,,,,0076241,13E,17N,2,,BIXBY,,,,BI-4A,BIXBY,,,,,,,,46140,,163,SINGLE-FAMILY,,,RS4,RESIDENTIAL SINGLE FAMILY HIGH,10,,,,,,35.976300,-95.896600,35.978036,-95.901223,6787,,,E,128TH,ST,S,,BIXBY,OK,740082663,TULSA,R009,6787 E 128TH ST S,S,Y,0,4,,11,,,,,ADDISON CRK,LOT 11 BLOCK 4,ASHER HOMES LLC,,,,,,Y,,,,,,,,,,,CO,,O,6787,,,E,128TH,ST,S,,BIXBY,OK,740082663,R009,6787 E 128TH ST S,,,Y,0,10112,10112,,M,1112,1112,,10112,10112,,,,,147.00,2020,2020,BI-4A,,,1112,,1112.00,,,,,,,,,,0.3090,13460,,,,,,,,,,,,,,,,,,,,,,,,,,,,,,,,,,,,,,,,,,,,,,,,,,,,,,,,,,2021-03-09,2020-07-01,37,2020,2020,,,,,,,,,,,
1561585277,,40143,81942842316250,1,4014381942842316250                               001,81942842316250,81942842316250,81942-84-23-16250,R81942842316250,,,,0075061,14E,18N,23,,BROKEN ARROW,,,,BA-3A,BROKEN ARROW,,,,,,,,46140,,163,SINGLE-FAMILY,,,R2,RESIDENTIAL SINGLE FAMILY-MED,10,,,,,,36.026500,-95.775800,36.027394,-95.781206,723,,,E,EDGEWATER,PL,,,BROKEN ARROW,OK,740127866,TULSA,C003,723 E EDGEWATER PL,S,Y,0,1,,25,,,,,WASHINGTON LANE VII,LOT 25 BLOCK 1,SIGNATURE PROPERTIES LLC,,,,,,Y,,,,,,,,,,,CO,,A,205,,,S,SWEET GUM,PL,,,BROKEN ARROW,OK,740124586,R001,205 S SWEET GUM PL,,,Y,0,5626,5626,,M,10,10,,5626,5626,,,,,1.00,2020,2020,BA-3A,,,10,,10.00,,,,,,,,,,0.1716,7475,,,,,,,,,,,,,,,,,,,,,,,,,,,,,,,,,,,,,,,,,,,,,,,,,,,,,,,,,,2021-03-09,2020-07-01,37,2020,2020,,,,,,,,,,,
2600410710,,40143,98236823609750,1,4014398236823609750                               001,98236823609750,98236823609750,98236-82-36-09750,R98236823609750,,,,0067072019,12E,18N,36,,JENKS,,TULSA,,JK-5A,JENKS,,,,,,,685,46140,,163,SINGLE-FAMILY,,,RS1,RESIDENTIAL SINGLE-FAMILY LOW,10,,,,,,35.998728,-95.983979,35.997729,-95.984342,11410,,,S,JUNIPER,ST,,,JENKS,OK,740372079,TULSA,R003,11410 S JUNIPER ST,S,Y,0,,,,,,,,,W300 S227.80 N1980 W/2 NE SEC 36 18 12 1.568ACS,WARD JACK W,WARD,JACK W,WARD BRENDA L,WARD,BRENDA L,,,,,,,,,,,,,,O,11410,,,S,JUNIPER,ST,,,JENKS,OK,740372079,R003,11410 S JUNIPER ST,,,Y,0,102000,102000,,M,11220,11220,,102000,102000,,,,,1429.00,2020,2020,JK-5A,,,11220,,11220.00,,,,,,,,,,1.5689,68340,,,,,,,,,,,,,,,,,,,,,,,,,,,,,,,,,,,,,,,,,,,,,,,,,,,,,,,,,,2021-03-09,2020-07-01,37,2020,2020,,,,,,,,,,,
1011459097,,40143,84998721249780,1,4014384998721249780                               001,84998721249780,84998721249780,84998-72-12-49780,R84998721249780,,,,0077011,12E,17N,12,,GLENPOOL,,,,GL-13A,GLENPOOL,,,,,,,,46140,,163,SINGLE-FAMILY,,,,,10,,,,,,35.964400,-95.978600,35.960007,-95.979095,14052,,,S,MADISON,AVE,,,GLENPOOL,OK,740333841,TULSA,R007,14052 S MADISON AVE,S,Y,0,2,,21,,,,,ELM POINTE II,LOT 21 BLOCK 2,OWEN KEVIN D & STEPHANIE,OWEN,KEVIN D,,OWEN,STEPHANIE,,,,,,,,,,,,JT,HW,O,14052,,,S,MADISON,AVE,,,GLENPOOL,OK,740333841,R007,14052 S MADISON AVE,,,Y,0,8511,8511,,M,936,936,,8511,8511,,,,,110.00,2020,2020,GL-13A,,,936,,936.00,,,,,,,,,,0.1791,7800,,,,,,,,,,,,,,,,,,,,,,,,,,,,,,,,,,,,,,,,,,,,,,,,,,,,,,,,,,2021-03-09,2020-07-01,37,2020,2020,,,,,,,,,,,
7001353165,,40143,60415730858150,1,4014360415730858150                               001,60415730858150,60415730858150,60415-73-08-58150,R60415730858150,,,,0067081,13E,17N,8,,BIXBY,,,,JK-4A,BIXBY,,,,,,,,46140,,163,SINGLE-FAMILY,,,,,10,,,,,,35.969300,-95.941800,35.961210,-95.941562,13977,,,S,21ST,CT,E,,BIXBY,OK,74008,TULSA,R016,13977 S 21ST CT E,S,N,,3,,14,,,,,CLEARFIELD ESTS,LOT 14 BLOCK 3,COZORT CONSTRUCTION INC,,,,,,Y,,,,,,,,,,,,,A,12711,,,S,HARVARD,AVE,,,JENKS,OK,740374910,R004,12711 S HARVARD AVE,,,Y,0,6158,6158,,M,677,677,,6158,6158,,,,,87.00,2020,2020,JK-4A,,,677,,677.00,,,,,,,,,,0.1584,6900,,,,,,,,,,,,,,,,,,,,,,,,,,,,,,,,,,,,,,,,,,,,,,,,,,,,,,,,,,2021-03-09,2020-07-01,37,2020,2020,,,,,,,,,,,
9870639263,,40143,08375032901938,1,4014308375032901938                               001,08375032901938,08375032901938,08375-03-29-01938,R08375032901938,,,,0004002000,13E,20N,29,,TULSA,,TULSA,,T-1A,TULSA,,,,,,,7136,46140,,163,SINGLE-FAMILY,,,RS3,RESIDENTIAL SINGLE FAMILY-HIGH,10,,,,,,,,36.187108,-95.945928,,,,,,,,,,OK,,TULSA,,,,,,2,,3,,,,,CITY VIEW ADD,E5 & W5 LT 3 BLK 2,CITY OF TULSA,,,,,,Y,,,,,,,,,,,,,,175,,,E,2ND,ST,,260,TULSA,OK,741033204,C006,175 E 2ND ST #260,,,Y,0,200,200,,M,,,,200,200,,,,,,,2020,T-1A,,,,,,,,,,,,,,,0.0294,1280,,,,,,,,,,,,,,,,,,,,,,,,,,,,,,,,,,,,,,,,,,,,,,,,,,,,,,,,,,2021-03-09,2020-07-01,37,,,,,,,,,,,,,
2215239268,,40143,55682910647120,1,4014355682910647120                               001,55682910647120,55682910647120,55682-91-06-47120,R55682910647120,,,,0095001001,11E,19N,6,,SAND SPRINGS,,TULSA,,2B,SAND SPRINGS,,,,,,,0816,46140,,163,SINGLE-FAMILY,,,RE,RESIDENTIAL SINGLE FAMILY DIST,10,,,,,,,,36.156194,-96.183967,,,,,,,,,,OK,,TULSA,,,,,,4,,18,,,,,WEKIWA HILLS THIRD RSB B1&2&3 & L1-22 B4 WOODSTONE ESTATE,LT 18 BLK 4,DODSON MICKEY,DODSON,MICKEY,,,,,,,,,,,,,,,,,,,,,,PO BOX 643,,,,MANNFORD,OK,740440643,B004,PO BOX 643,,,Y,0,22200,22200,,M,2442,2442,,22200,22200,,,,,282.00,2020,2020,2B,,,2442,,2442.00,,,,,,,,,,0.8378,36493,,,,,,,,,,,,,,,,,,,,,,,,,,,,,,,,,,,,,,,,,,,,,,,,,,,,,,,,,,2021-03-09,2020-07-01,37,2020,2020,,,,,,,,,,,
9745122576,,40143,81942842316170,1,4014381942842316170                               001,81942842316170,81942842316170,81942-84-23-16170,R81942842316170,,,,0075061,14E,18N,23,,BROKEN ARROW,,,,BA-3A,BROKEN ARROW,,,,,,,,46140,,163,SINGLE-FAMILY,,,R2,RESIDENTIAL SINGLE FAMILY-MED,10,,,,,,36.028700,-95.781300,36.027710,-95.781442,719,,,E,DELMAR,PL,,,BROKEN ARROW,OK,740124230,TULSA,C003,719 E DELMAR PL,S,Y,0,1,,17,,,,,WASHINGTON LANE VII,LOT 17 BLOCK 1,CAPITAL HMS RESIDL GRP LLC,,,,,,Y,,,,,,,,,,,CO,,A,12150,,,E,96TH,ST,N,202,OWASSO,OK,740555340,R008,12150 E 96TH ST N #202,,,Y,0,5626,5626,,M,10,10,,5626,5626,,,,,1.00,2020,2020,BA-3A,,,10,,10.00,,,,,,,,,,0.1716,7475,,,,,,,,,,,,,,,,,,,,,,,,,,,,,,,,,,,,,,,,,,,,,,,,,,,,,,,,,,2021-03-09,2020-07-01,37,2020,2020,,,,,,,,,,,
4602802505,,40145,730055950,1,40145730055950                                    001,730055950,0055950,730055950,0055950,,,0055950,,17E,17N,28,NW,TULL/PORT/REDB RURAL,,,,111,TULL/PORT/REDB RURAL,,,,,,,9171,46140,,500,RURAL AGRICULTURAL,,,,,70,,,,,,,,35.929205,-95.509399,,,,,,,,,,OK,,WAGONER,,,,,,,,,,5,,,,28-17-17 N2 OF THE N 30 AC OF NW NW LESS & EXCEPT BEG AT A PT ON THE N LINE OF NW NW 850' E OF NW COR -E 200' -S 250' -W 200' -N 250' TO THE POB BK 857 PG 065,KING RICHARD LEE,KING,RICHARD LEE,,,,,,,,,,,,,,,,,,41992,,,E,161ST,ST,S,,PORTER,OK,744545570,R002,41992 E 161ST ST S,,,Y,0,3222,3222,,M,361,361,,3222,3222,,,,,35.00,2020,2020,111,,,361,,361.00,,,,,,,,,,14.1271,615375,,,,,,,,,,,,,,,,,,,,,,,,,,,,,,,,,,,,,,,,,,,,,,,,,,,,,,,,,,2020-12-18,2020-06-15,20,2020,2020,,,,,,,,,,,
8386094682,,40145,730024081,1,40145730024081                                    001,730024081,0024081,730024081,0024081,,,0024081,0306023065,19E,18N,5,,MAYES RURAL,,,,06000,MAYES RURAL,,,,,,,9137,46140,,160,RURAL RESIDENTIAL PLATTED,,,,,10,,,,,,,,36.074690,-95.297903,,,,,,,,,,OK,,WAGONER,,,,,,2,,50,,,,,LAKE CREST III,LAKE CREST III LOTS 50 & 51 BLK 2,PATTERSON ODENE,PATTERSON,ODENE,,,,,,,,,,,,,,,TE,,,16618,,,S,203RD EAST,AVE,,,BROKEN ARROW,OK,740146429,R011,16618 S 203RD EAST AVE,,,Y,0,1057,1057,,M,118,118,,1057,1057,,,,,10.00,2020,2020,06000,,,118,,118.00,,,,,,,,,,0.3003,13081,,,,,,,,,,,,,,,,,,,,,,,,,,,,,,,,,,,,,,,,,,,,,,,,,,,,,,,,,,2020-12-18,2020-06-15,20,2020,2020,,,,,,,,,,,
8556177169,,40145,730038516,1,40145730038516                                    001,730038516,0038516,730038516,0038516,,,0038516,0307983105,16E,16N,10,,REDBIRD CITY,,,,40000,REDBIRD CITY,,,,,,,4000,46140,,163,URBAN RESIDENTIAL,,,,,10,,,,,,,,35.882897,-95.590619,,,,,,,,,,OK,,WAGONER,,,,,,151,,37,,,,,REDBIRD CITY,REDBIRD CITY L-37 BLK-151,BOYD PAT,BOYD,PAT,BOYD JANELLE,BOYD,JANELLE,,,,,,,,,,,,,,,45517,,,E,241ST,ST,S,,PORTER,OK,744542813,R001,45517 E 241ST ST S,,,Y,0,118,118,,M,13,13,,118,118,,,,,1.00,2020,2020,40000,,,13,,13.00,,,,,,,,,,0.0747,3255,,,,,,,,,,,,,,,,,,,,,,,,,,,,,,,,,,,,,,,,,,,,,,,,,,,,,,,,,,2020-12-18,2020-06-15,20,2020,2020,,,,,,,,,,,
9457753541,,40145,730016854,1,40145730016854                                    001,730016854,0016854,730016854,0016854,,,0016854,,19E,16N,31,NW,SHAHAN TWP,,,,111,SHAHAN TWP,,,,,,,730,46140,,601,EXEMPT,,,,,90,,,,,,,,35.820888,-95.333215,,,,,,,,,,OK,,WAGONER,,,,,,,,,,19,,,,31-16-19 PART OF NW: SE,TURNPIKE AUTHORITY,,,,,,Y,,,,,,,,,,,,,,,,,,,,,,,,,,,,,,,,,,M,,,,,,,,,,,,2020,111,,,,,,,,,,,,,,,1.5719,68471,,,,,,,,,,,,,,,,,,,,,,,,,,,,,,,,,,,,,,,,,,,,,,,,,,,,,,,,,,2020-12-18,2020-06-15,20,,,,,,,,,,,,,
""
